ticker,appearances,avg_score,linear_slope,linear_r2,score_std,score_cv,trend_consistency,avg_rank,stability_score,r2_adjusted_score,slope_adjusted_score,stability_adjusted_score,recommendation
AXON,31,92.0,-0.0336,0.793,0.34,0.004,0.1,16.71,55.42,72.95,69.9,52.27,BUY - Stable quality
META,31,94.69,0.0417,0.734,0.43,0.005,0.13,7.55,74.23,69.52,73.13,50.96,BUY - Stable quality
VEEV,31,96.43,-0.0191,0.654,0.21,0.002,0.1,5.1,51.39,63.03,61.53,50.78,BUY - Stable quality
BRK-B,31,75.49,-0.0395,0.93,0.37,0.005,0.4,174.13,65.43,70.23,66.77,48.86,BUY - Stable quality
DASH,31,92.27,0.0139,0.602,0.16,0.002,0.2,15.52,65.74,55.51,56.47,48.68,BUY - Stable quality
CDNS,31,93.2,0.0448,0.705,0.48,0.005,0.27,10.87,75.96,65.68,69.34,46.95,BUY - Stable quality
PINS,31,89.62,0.0959,0.882,0.91,0.01,0.43,26.58,84.12,79.07,88.37,46.2,BUY - Stable quality
NBIX,31,80.22,0.0272,0.712,0.29,0.004,0.07,117.77,72.34,57.13,59.07,45.86,BUY - Stable quality
MNST,31,94.06,-0.0524,0.789,0.53,0.006,0.27,8.68,58.43,74.18,69.34,45.38,BUY - Stable quality
PLTR,31,101.66,-0.0288,0.615,0.33,0.003,0.27,1.1,53.46,62.53,60.28,45.38,BUY - Stable quality
IPGP,31,74.04,0.0714,0.935,0.66,0.009,0.37,192.45,84.48,69.19,75.3,45.35,BUY - Stable quality
ANSS,31,81.68,0.0621,0.822,0.61,0.008,0.1,101.65,75.91,67.14,72.31,44.84,BUY - Stable quality
ALGN,31,80.52,0.0548,0.799,0.55,0.007,0.07,114.03,74.63,64.36,68.74,44.39,BUY - Stable quality
AZTA,31,69.78,0.0336,0.812,0.33,0.005,0.07,248.61,75.22,56.66,59.04,44.28,BUY - Stable quality
ZM,31,84.97,-0.0422,0.769,0.43,0.005,0.1,62.1,54.56,65.34,61.91,43.3,BUY - Stable quality
TRMB,31,70.36,0.0667,0.917,0.62,0.009,0.37,238.58,83.97,64.55,69.88,43.07,BUY - Stable quality
TYL,31,77.78,-0.0607,0.917,0.57,0.007,0.23,142.97,61.45,71.33,65.96,42.1,BUY - Stable quality
ACLS,31,76.44,0.0286,0.689,0.31,0.004,0.13,161.94,72.92,52.64,54.52,41.67,BUY - Stable quality
ROKU,31,84.93,0.051,0.706,0.54,0.006,0.03,63.45,71.21,59.97,63.77,41.34,BUY - Stable quality
TDG,31,75.65,0.0507,0.775,0.51,0.007,0.1,172.42,74.58,58.66,62.35,41.16,BUY - Stable quality
B,6,75.03,0.4366,0.731,0.87,0.012,0.2,178.17,74.76,54.82,76.68,40.96,BUY - Stable quality
QRVO,31,68.24,0.0541,0.854,0.52,0.008,0.03,274.1,75.53,58.3,62.21,40.85,BUY - Stable quality
AMZN,31,79.84,0.0245,0.625,0.28,0.003,0.2,122.29,72.41,49.91,51.43,40.28,BUY - Stable quality
FFIV,31,90.82,-0.017,0.546,0.21,0.002,0.17,21.42,49.47,49.55,48.49,40.19,BUY - Stable quality
PDD,31,82.93,0.0413,0.667,0.45,0.005,0.33,87.19,76.12,55.28,58.13,40.02,BUY - Stable quality
ZBRA,31,68.02,0.0696,0.897,0.66,0.01,0.07,278.26,77.28,61.03,66.29,40.0,BUY - Stable quality
DUOL,31,92.82,-0.0693,0.795,0.7,0.007,0.47,13.1,62.43,73.77,67.45,39.79,BUY - High score acceptable risk
GRAB,31,83.49,0.0694,0.746,0.72,0.009,0.2,80.61,75.51,62.25,67.6,39.33,BUY - High score acceptable risk
DDOG,31,86.25,0.0903,0.784,0.91,0.011,0.17,48.81,75.81,67.65,75.16,39.31,BUY - High score acceptable risk
MTD,31,67.56,0.0538,0.833,0.53,0.008,0.17,284.77,77.53,56.24,60.0,39.28,HOLD - Stable but flat
PSTG,31,80.43,0.032,0.637,0.36,0.004,0.17,115.19,72.0,51.23,53.27,39.22,BUY - High score acceptable risk
CELH,31,86.81,0.1086,0.823,1.07,0.012,0.13,43.84,76.13,71.45,80.93,39.07,BUY - High score acceptable risk
EPAM,31,77.61,-0.0414,0.754,0.43,0.005,0.23,146.19,56.75,58.54,55.53,38.94,BUY - High score acceptable risk
GWRE,31,83.53,-0.0944,0.967,0.86,0.01,0.23,80.71,62.66,80.81,71.45,38.45,BUY - High score acceptable risk
CRM,31,79.66,-0.025,0.638,0.28,0.004,0.23,123.68,53.44,50.79,49.21,38.44,BUY - High score acceptable risk
DOCU,31,82.29,-0.0325,0.646,0.36,0.004,0.23,94.06,53.62,53.18,51.03,37.49,BUY - High score acceptable risk
SPOT,31,89.01,-0.0262,0.569,0.31,0.003,0.13,30.65,49.38,50.63,48.97,37.35,BUY - High score acceptable risk
IDXX,31,77.08,0.017,0.57,0.2,0.003,0.3,154.39,69.83,43.94,44.87,37.35,BUY - High score acceptable risk
FSLR,31,71.22,0.0498,0.745,0.52,0.007,0.33,227.16,78.29,53.06,56.35,37.17,BUY - High score acceptable risk
SKX,31,63.96,0.0349,0.755,0.36,0.006,0.17,346.45,75.41,48.27,50.37,37.05,HOLD - Stable but flat
SHOP,31,88.41,0.071,0.681,0.77,0.009,0.13,33.48,72.23,60.22,65.51,37.03,BUY - High score acceptable risk
APP,31,82.31,-0.0088,0.504,0.11,0.001,0.03,94.06,45.65,41.47,41.01,36.9,BUY - High score acceptable risk
PODD,31,81.68,-0.0648,0.795,0.65,0.008,0.03,101.35,53.72,64.94,59.72,36.19,BUY - High score acceptable risk
NXT,31,93.06,0.0551,0.594,0.64,0.007,0.13,11.61,69.81,55.32,59.1,36.06,BUY - High score acceptable risk
IT,31,71.59,-0.0703,0.91,0.66,0.009,0.3,224.42,62.38,65.14,59.47,35.85,BUY - High score acceptable risk
CPNG,31,72.78,0.0539,0.72,0.57,0.008,0.13,208.39,73.49,52.4,55.91,35.65,BUY - High score acceptable risk
NICE,31,81.21,-0.056,0.729,0.59,0.007,0.0,107.0,51.14,59.19,55.07,34.7,WATCH - Monitor for opportunity
ELF,31,76.94,0.0384,0.61,0.44,0.006,0.1,156.06,69.73,46.93,49.17,34.15,HOLD - Modest potential
CCJ,31,76.36,0.0901,0.771,0.92,0.012,0.07,162.61,73.28,58.91,65.43,34.12,HOLD - Modest potential
CAVA,31,75.79,0.055,0.674,0.6,0.008,0.2,170.39,73.42,51.07,54.56,34.11,HOLD - Modest potential
LSCC,31,80.53,0.0261,0.539,0.32,0.004,0.07,113.55,67.12,43.44,44.85,34.04,HOLD - Modest potential
PAYC,31,90.93,-0.0797,0.752,0.82,0.009,0.1,21.29,53.65,68.36,61.64,33.82,WATCH - Monitor for opportunity
GRMN,31,88.7,0.0731,0.635,0.82,0.009,0.07,32.03,69.47,56.35,61.44,33.76,HOLD - Modest potential
SMCI,31,68.91,0.1143,0.877,1.09,0.016,0.27,263.29,80.07,60.46,68.88,32.93,HOLD - Modest potential
CPRT,31,88.9,-0.0562,0.646,0.63,0.007,0.27,31.03,54.02,57.44,53.44,32.88,WATCH - Monitor for opportunity
WDAY,31,84.36,-0.0525,0.655,0.58,0.007,0.07,69.77,50.3,55.28,51.67,32.69,WATCH - Monitor for opportunity
TSM,31,85.24,0.1016,0.709,1.08,0.013,0.2,60.1,74.0,60.44,67.95,32.68,HOLD - Modest potential
DY,31,61.34,0.055,0.776,0.56,0.009,0.27,394.94,77.69,47.59,50.83,32.62,HOLD - Modest potential
CIEN,31,75.82,0.0933,0.756,0.96,0.013,0.27,169.9,76.73,57.28,63.85,32.57,HOLD - Modest potential
LUMN,31,39.15,0.0084,0.886,0.08,0.002,0.5,782.71,74.77,34.67,35.03,32.44,HOLD - Modest potential
QGEN,31,77.01,0.0386,0.581,0.45,0.006,0.03,154.84,67.52,44.77,46.92,32.29,HOLD - Modest potential
AMD,31,85.35,0.1136,0.719,1.2,0.014,0.23,59.32,74.84,61.39,69.88,31.8,HOLD - Modest potential
VIPS,31,58.64,0.0606,0.808,0.6,0.01,0.27,444.39,78.54,47.38,50.94,31.77,HOLD - Modest potential
TPR,31,69.34,0.1198,0.85,1.16,0.017,0.27,256.16,79.17,58.96,67.54,31.24,HOLD - Modest potential
FLR,31,67.12,0.0816,0.765,0.83,0.012,0.07,292.29,73.05,51.37,56.54,30.82,HOLD - Modest potential
GDDY,31,67.51,-0.0829,0.902,0.78,0.012,0.33,284.45,62.57,60.9,54.68,30.71,WATCH - Monitor for opportunity
LRCX,31,88.21,0.1112,0.673,1.21,0.014,0.07,35.35,70.15,59.38,67.43,30.48,HOLD - Modest potential
TWLO,31,84.11,0.0303,0.478,0.39,0.005,0.2,73.03,47.87,40.18,41.7,29.97,WATCH - Monitor for opportunity
STM,31,64.13,0.1183,0.86,1.14,0.018,0.13,342.55,76.69,55.15,63.08,29.46,WATCH - Monitor for opportunity
ALRM,31,62.62,-0.0399,0.703,0.43,0.007,0.2,370.0,54.42,44.05,41.86,29.37,WATCH - Monitor for opportunity
CLS,31,71.14,0.0566,0.627,0.64,0.009,0.3,227.68,73.91,44.6,47.73,29.12,WATCH - Monitor for opportunity
SNPS,31,79.01,0.1731,0.825,1.7,0.022,0.13,130.97,75.26,65.17,78.45,29.01,WATCH - Monitor for opportunity
ANF,31,58.39,0.0941,0.85,0.91,0.016,0.17,449.26,77.27,49.63,55.37,28.95,WATCH - Monitor for opportunity
BROS,31,67.88,-0.0998,0.932,0.92,0.014,0.03,277.9,57.27,63.27,55.54,28.86,WATCH - Monitor for opportunity
COO,31,60.06,0.0391,0.654,0.43,0.007,0.07,418.77,70.24,39.3,41.21,28.77,WATCH - Monitor for opportunity
CWST,31,61.96,-0.0767,0.884,0.73,0.012,0.17,383.32,58.69,54.8,49.61,28.68,WATCH - Monitor for opportunity
BHP,31,73.82,0.0777,0.653,0.86,0.012,0.03,195.29,69.1,48.23,52.86,28.42,WATCH - Monitor for opportunity
ARM,31,89.19,0.0698,0.542,0.85,0.01,0.07,28.97,66.63,48.31,52.48,28.4,WATCH - Monitor for opportunity
BLD,31,62.29,0.1288,0.877,1.23,0.02,0.03,376.55,75.01,54.65,63.17,28.32,WATCH - Monitor for opportunity
CROX,31,59.27,0.0379,0.647,0.42,0.007,0.03,432.68,69.36,38.34,40.16,28.24,WATCH - Monitor for opportunity
HQY,31,73.91,-0.0462,0.61,0.53,0.007,0.07,193.68,48.91,45.07,42.48,27.78,WATCH - Monitor for opportunity
AMAT,31,81.39,0.2211,0.849,2.15,0.026,0.2,103.06,76.82,69.07,86.43,27.47,WATCH - Monitor for opportunity
VRSK,31,72.79,-0.0538,0.645,0.6,0.008,0.07,208.06,49.87,46.97,43.84,27.42,WATCH - Monitor for opportunity
AEIS,31,75.57,0.1159,0.709,1.23,0.016,0.2,174.06,73.65,53.6,61.15,27.41,WATCH - Monitor for opportunity
PCTY,31,85.19,-0.023,0.433,0.31,0.004,0.0,59.0,42.63,36.92,35.86,27.32,WATCH - Monitor for opportunity
SPXC,31,68.57,0.0735,0.66,0.81,0.012,0.0,268.87,68.62,45.27,49.38,27.29,WATCH - Monitor for opportunity
AMG,31,60.84,0.0677,0.71,0.72,0.012,0.17,405.03,73.45,43.2,46.82,27.24,WATCH - Monitor for opportunity
NVT,31,69.49,0.1064,0.732,1.11,0.016,0.23,253.55,75.03,50.88,57.49,27.22,WATCH - Monitor for opportunity
DBX,31,63.4,-0.078,0.836,0.76,0.012,0.17,356.48,57.22,53.03,47.92,27.19,WATCH - Monitor for opportunity
ILMN,31,58.85,0.0632,0.715,0.67,0.011,0.17,440.23,73.64,42.07,45.37,27.19,WATCH - Monitor for opportunity
PTC,31,70.69,0.1037,0.715,1.1,0.016,0.07,233.42,71.23,50.54,56.95,27.15,WATCH - Monitor for opportunity
GFS,31,68.43,0.0209,0.489,0.27,0.004,0.03,269.97,44.95,33.48,34.35,27.11,WATCH - Monitor for opportunity
NVST,31,57.32,0.0799,0.777,0.81,0.014,0.27,470.55,77.23,44.54,48.93,27.02,WATCH - Monitor for opportunity
YELP,31,83.27,-0.0186,0.417,0.26,0.003,0.13,84.35,44.88,34.75,33.94,26.98,WATCH - Monitor for opportunity
FOUR,31,56.08,0.1238,0.894,1.17,0.021,0.1,491.71,76.74,50.14,57.67,26.56,WATCH - Monitor for opportunity
LOGI,31,79.88,0.0866,0.6,1.0,0.013,0.4,120.23,74.75,47.93,53.03,26.52,WATCH - Monitor for opportunity
ON,31,66.7,0.0925,0.707,0.98,0.015,0.13,299.29,72.39,47.14,52.49,26.46,WATCH - Monitor for opportunity
FICO,31,75.73,-0.122,0.879,1.16,0.015,0.47,171.16,64.16,66.56,56.72,26.22,WATCH - Monitor for opportunity
DIS,31,61.0,0.063,0.665,0.69,0.011,0.17,400.39,72.15,40.57,43.74,25.87,WATCH - Monitor for opportunity
COHR,31,62.03,0.1569,0.876,1.5,0.024,0.27,381.13,79.2,54.35,64.5,25.8,WATCH - Monitor for opportunity
JWN,28,44.68,-0.0359,0.799,0.32,0.007,0.15,701.07,56.22,35.72,34.12,25.76,WATCH - Monitor for opportunity
UPWK,31,78.13,-0.0899,0.72,0.95,0.012,0.17,138.9,53.73,56.26,50.05,25.7,WATCH - Monitor for opportunity
RL,31,74.99,0.0749,0.586,0.87,0.012,0.33,180.42,73.08,43.93,48.0,25.6,WATCH - Monitor for opportunity
MELI,31,81.38,-0.0384,0.487,0.49,0.006,0.33,104.77,50.68,39.64,37.75,25.31,WATCH - Monitor for opportunity
ALGM,31,66.45,0.0706,0.622,0.8,0.012,0.2,303.9,71.45,41.31,44.92,24.95,AVOID - Poor risk-adjusted score
VALE,31,48.92,0.0639,0.774,0.65,0.013,0.1,613.68,73.9,37.88,40.89,24.78,AVOID - Poor risk-adjusted score
USFD,31,49.48,0.0501,0.718,0.53,0.011,0.0,601.81,70.48,35.54,37.76,24.7,AVOID - Poor risk-adjusted score
TEVA,31,43.37,-0.025,0.734,0.26,0.006,0.13,722.35,54.1,31.85,30.86,24.47,AVOID - Poor risk-adjusted score
ETN,31,70.6,0.1097,0.671,1.2,0.017,0.13,235.06,71.11,47.4,53.75,24.45,AVOID - Poor risk-adjusted score
SKYW,31,56.13,0.082,0.732,0.86,0.015,0.07,490.94,71.76,41.08,45.23,24.36,AVOID - Poor risk-adjusted score
MNDY,31,86.27,-0.0225,0.384,0.32,0.004,0.17,47.03,44.48,33.13,32.2,24.32,AVOID - Poor risk-adjusted score
GTM,7,62.74,0.1182,0.457,0.35,0.006,0.33,367.57,49.83,28.69,32.81,24.31,AVOID - Poor risk-adjusted score
RCL,31,65.4,0.1443,0.769,1.47,0.022,0.23,321.16,75.49,50.31,59.01,23.88,AVOID - Poor risk-adjusted score
BOOT,31,71.84,0.1015,0.631,1.14,0.016,0.13,219.65,70.01,45.34,50.97,23.78,AVOID - Poor risk-adjusted score
MRCY,31,72.54,-0.0772,0.665,0.85,0.012,0.03,211.68,49.46,48.28,43.68,23.66,AVOID - Poor risk-adjusted score
VRT,31,77.41,0.1127,0.614,1.29,0.017,0.13,148.55,69.44,47.56,54.09,23.66,AVOID - Poor risk-adjusted score
ITRI,31,69.52,0.0624,0.551,0.75,0.011,0.37,252.84,72.8,38.34,41.31,23.58,AVOID - Poor risk-adjusted score
MMSI,31,72.82,-0.0894,0.709,0.95,0.013,0.27,207.45,55.3,51.64,45.96,23.58,AVOID - Poor risk-adjusted score
EMR,31,63.6,0.0726,0.619,0.82,0.013,0.17,352.03,70.61,39.37,42.9,23.51,AVOID - Poor risk-adjusted score
ATKR,31,51.39,0.0561,0.686,0.61,0.012,0.17,566.48,72.73,35.25,37.7,23.48,AVOID - Poor risk-adjusted score
DD,31,52.81,0.1125,0.823,1.11,0.021,0.27,544.03,77.93,43.48,49.44,23.45,AVOID - Poor risk-adjusted score
UTHR,31,90.51,-0.012,0.313,0.19,0.002,0.33,23.16,45.84,28.3,27.88,23.4,AVOID - Poor risk-adjusted score
GNRC,31,59.21,0.0993,0.719,1.05,0.018,0.27,432.9,75.15,42.6,47.78,23.34,AVOID - Poor risk-adjusted score
DVA,31,47.86,0.019,0.58,0.22,0.005,0.03,637.35,66.58,27.77,28.43,23.25,AVOID - Poor risk-adjusted score
INCY,31,85.29,-0.0182,0.355,0.27,0.003,0.2,57.61,44.32,30.26,29.57,23.22,AVOID - Poor risk-adjusted score
EW,31,87.34,0.0378,0.391,0.54,0.006,0.0,38.13,41.1,34.12,35.73,23.19,AVOID - Poor risk-adjusted score
AFRM,31,60.71,0.0805,0.649,0.89,0.015,0.33,407.06,74.66,39.4,43.31,22.87,AVOID - Poor risk-adjusted score
ATHM,31,73.9,0.0602,0.505,0.76,0.01,0.07,194.39,65.47,37.34,40.13,22.83,AVOID - Poor risk-adjusted score
GOOGL,31,92.42,0.0233,0.327,0.36,0.004,0.2,14.52,43.43,30.25,31.13,22.81,AVOID - Poor risk-adjusted score
TLN,31,58.64,0.101,0.715,1.07,0.018,0.03,443.94,70.29,41.92,47.1,22.77,AVOID - Poor risk-adjusted score
MTZ,31,49.89,0.0514,0.668,0.56,0.011,0.1,592.87,70.91,33.32,35.45,22.69,AVOID - Poor risk-adjusted score
GOOS,31,62.86,0.2148,0.881,2.05,0.033,0.33,366.74,79.85,55.4,68.99,22.65,AVOID - Poor risk-adjusted score
TROW,31,82.82,0.0595,0.454,0.79,0.01,0.17,88.35,46.0,37.59,40.37,22.56,AVOID - Poor risk-adjusted score
HAE,31,57.58,0.0475,0.576,0.56,0.01,0.0,465.23,66.32,33.18,35.14,22.54,AVOID - Poor risk-adjusted score
EME,31,74.99,0.1372,0.65,1.52,0.02,0.2,180.77,71.46,48.72,56.76,22.51,AVOID - Poor risk-adjusted score
FIVE,31,58.33,0.1841,0.874,1.76,0.03,0.53,450.61,83.88,51.01,61.98,22.45,AVOID - Poor risk-adjusted score
SHAK,31,62.99,0.1247,0.714,1.32,0.021,0.07,363.26,70.65,44.96,51.76,22.3,AVOID - Poor risk-adjusted score
TMDX,31,76.71,-0.1512,0.867,1.45,0.019,0.23,158.45,58.78,66.5,54.5,22.22,AVOID - Poor risk-adjusted score
NUE,31,53.03,0.1384,0.836,1.35,0.026,0.17,539.81,75.86,44.33,51.7,21.97,AVOID - Poor risk-adjusted score
NCLH,31,42.31,0.0631,0.782,0.64,0.015,0.07,736.9,73.3,33.11,35.7,21.79,AVOID - Poor risk-adjusted score
DFS,26,40.45,-0.057,0.849,0.46,0.011,0.04,762.27,55.11,34.33,31.9,21.78,AVOID - Poor risk-adjusted score
HGV,31,43.5,0.1031,0.879,0.98,0.023,0.3,719.84,80.11,38.23,43.05,21.71,AVOID - Poor risk-adjusted score
RIO,31,66.91,0.0568,0.517,0.71,0.011,0.0,295.94,64.45,34.59,37.03,21.7,AVOID - Poor risk-adjusted score
OKTA,31,81.87,-0.0506,0.469,0.66,0.008,0.07,98.87,44.6,38.41,35.99,21.68,AVOID - Poor risk-adjusted score
GOOG,31,92.39,0.0245,0.315,0.39,0.004,0.1,15.29,41.02,29.09,29.98,21.56,AVOID - Poor risk-adjusted score
BMRN,31,83.65,0.0181,0.321,0.29,0.003,0.13,78.94,41.96,26.86,27.47,21.37,AVOID - Poor risk-adjusted score
WMG,31,53.88,0.0832,0.678,0.9,0.017,0.07,524.52,70.01,36.55,40.3,21.17,AVOID - Poor risk-adjusted score
SQM,31,53.54,0.1365,0.802,1.36,0.025,0.07,531.65,72.85,42.94,50.0,21.16,AVOID - Poor risk-adjusted score
ATGE,31,72.61,-0.122,0.767,1.25,0.017,0.4,211.03,59.28,55.66,47.43,21.12,AVOID - Poor risk-adjusted score
YPF,31,45.22,-0.0625,0.818,0.62,0.014,0.13,691.81,55.83,36.98,34.11,21.07,AVOID - Poor risk-adjusted score
LEVI,31,58.67,0.2588,0.944,2.38,0.041,0.27,444.03,79.61,55.42,71.2,21.05,AVOID - Poor risk-adjusted score
SHOO,31,66.22,0.0311,0.433,0.42,0.006,0.27,308.19,47.69,28.68,29.79,20.94,AVOID - Poor risk-adjusted score
MANH,31,81.91,0.0184,0.321,0.29,0.004,0.0,98.45,39.29,26.32,26.93,20.87,AVOID - Poor risk-adjusted score
HLT,31,65.79,0.0742,0.547,0.9,0.014,0.17,314.45,68.37,35.98,39.28,20.7,AVOID - Poor risk-adjusted score
WB,31,64.02,0.0535,0.507,0.67,0.011,0.07,345.68,65.48,32.44,34.6,20.69,AVOID - Poor risk-adjusted score
NSC,31,59.77,0.0743,0.59,0.86,0.014,0.0,424.39,66.26,35.28,38.51,20.65,AVOID - Poor risk-adjusted score
CEG,31,65.62,0.0912,0.581,1.07,0.016,0.23,317.87,70.46,38.11,42.38,20.47,AVOID - Poor risk-adjusted score
FND,31,49.75,0.0684,0.662,0.75,0.015,0.13,596.03,71.01,32.93,35.72,20.39,AVOID - Poor risk-adjusted score
DLTR,31,47.64,0.1663,0.91,1.56,0.033,0.4,643.9,82.03,43.35,51.88,20.27,AVOID - Poor risk-adjusted score
NVDA,31,100.2,0.0723,0.38,1.05,0.01,0.23,2.61,45.02,38.09,41.5,20.25,AVOID - Poor risk-adjusted score
CAT,31,56.69,0.135,0.739,1.41,0.025,0.4,481.26,77.68,41.88,48.69,20.24,AVOID - Poor risk-adjusted score
FHI,31,83.07,0.0596,0.414,0.83,0.01,0.17,85.1,44.75,34.37,36.91,20.18,AVOID - Poor risk-adjusted score
CZR,31,35.97,0.0187,0.66,0.21,0.006,0.0,824.35,67.96,23.74,24.3,20.15,AVOID - Poor risk-adjusted score
MGM,31,44.02,0.0482,0.66,0.53,0.012,0.17,711.87,71.92,29.05,30.79,20.11,AVOID - Poor risk-adjusted score
PAAS,31,80.64,-0.068,0.505,0.86,0.011,0.03,113.32,44.76,40.73,37.3,20.1,AVOID - Poor risk-adjusted score
BUD,31,63.12,-0.0427,0.514,0.53,0.008,0.03,361.87,45.25,32.45,30.73,20.05,AVOID - Poor risk-adjusted score
DECK,31,84.91,-0.0146,0.298,0.24,0.003,0.17,63.48,41.99,25.31,24.85,20.05,AVOID - Poor risk-adjusted score
PKX,31,40.24,0.1022,0.873,0.98,0.024,0.2,765.84,77.75,35.11,39.5,19.97,AVOID - Poor risk-adjusted score
MU,31,76.61,0.1546,0.61,1.77,0.023,0.27,158.29,71.31,46.71,55.31,19.96,AVOID - Poor risk-adjusted score
CRL,31,45.0,0.0665,0.7,0.71,0.016,0.2,695.97,73.41,31.49,34.08,19.92,AVOID - Poor risk-adjusted score
URI,31,59.66,0.0814,0.59,0.95,0.016,0.23,426.06,70.79,35.21,38.75,19.9,AVOID - Poor risk-adjusted score
ACGL,31,73.31,-0.0098,0.316,0.16,0.002,0.17,200.97,42.59,23.14,22.85,19.77,AVOID - Poor risk-adjusted score
FUTU,31,46.71,0.1247,0.819,1.23,0.026,0.33,662.9,78.58,38.24,44.01,19.71,AVOID - Poor risk-adjusted score
FCX,31,69.64,0.1294,0.605,1.49,0.021,0.13,251.77,68.69,42.16,48.75,19.6,AVOID - Poor risk-adjusted score
NUS,31,48.65,0.1271,0.795,1.28,0.026,0.07,622.13,72.55,38.66,44.6,19.6,AVOID - Poor risk-adjusted score
VNO,31,59.2,-0.0814,0.69,0.88,0.015,0.07,435.52,50.55,40.84,36.74,19.58,AVOID - Poor risk-adjusted score
AMN,31,28.59,0.0245,0.825,0.24,0.008,0.17,890.16,77.23,23.58,24.3,19.58,AVOID - Poor risk-adjusted score
NOK,31,61.14,-0.1092,0.777,1.11,0.018,0.27,399.45,56.85,47.54,41.21,19.55,AVOID - Poor risk-adjusted score
WBD,31,44.38,0.1153,0.82,1.14,0.026,0.33,705.39,78.71,36.4,41.5,19.41,AVOID - Poor risk-adjusted score
CPRI,31,32.44,0.033,0.769,0.34,0.01,0.17,852.94,75.35,24.93,25.95,19.41,AVOID - Poor risk-adjusted score
RDDT,31,91.04,0.0162,0.267,0.28,0.003,0.07,20.39,39.03,24.3,24.79,19.37,AVOID - Poor risk-adjusted score
APTV,31,47.1,0.0482,0.602,0.55,0.012,0.07,654.58,68.23,28.37,30.07,19.34,AVOID - Poor risk-adjusted score
XPO,31,48.6,0.062,0.627,0.7,0.014,0.0,621.71,67.37,30.48,32.82,19.3,AVOID - Poor risk-adjusted score
COIN,31,85.16,0.1943,0.6,2.24,0.026,0.27,60.35,70.69,51.06,62.57,19.29,AVOID - Poor risk-adjusted score
KHC,31,46.44,0.1133,0.775,1.15,0.025,0.2,668.97,74.79,36.02,40.99,19.05,AVOID - Poor risk-adjusted score
LVS,31,58.98,0.2136,0.809,2.12,0.036,0.3,438.23,76.67,47.73,59.39,19.01,AVOID - Poor risk-adjusted score
FLEX,31,58.16,0.149,0.715,1.58,0.027,0.2,454.97,72.73,41.57,48.97,19.01,AVOID - Poor risk-adjusted score
VNOM,31,72.89,-0.0533,0.471,0.69,0.01,0.13,206.1,45.83,34.31,32.04,18.9,AVOID - Poor risk-adjusted score
GIL,31,58.17,0.0817,0.578,0.96,0.017,0.0,453.55,65.68,33.6,36.98,18.85,AVOID - Poor risk-adjusted score
PATH,31,41.3,-0.0356,0.663,0.39,0.009,0.0,749.52,48.95,27.4,26.18,18.82,AVOID - Poor risk-adjusted score
ANET,31,49.1,0.0696,0.63,0.78,0.016,0.2,610.65,71.29,30.91,33.58,18.81,AVOID - Poor risk-adjusted score
ORCL,31,67.22,0.0988,0.546,1.2,0.018,0.13,291.35,67.26,36.69,41.13,18.72,AVOID - Poor risk-adjusted score
BABA,31,60.54,0.152,0.689,1.64,0.027,0.1,408.81,69.97,41.72,49.29,18.69,AVOID - Poor risk-adjusted score
BURL,31,51.58,0.0967,0.664,1.06,0.021,0.0,562.81,67.85,34.23,38.29,18.57,AVOID - Poor risk-adjusted score
IOT,31,47.4,-0.0945,0.849,0.92,0.019,0.23,645.74,58.19,40.22,35.56,18.54,AVOID - Poor risk-adjusted score
DXCM,31,77.52,0.073,0.436,0.99,0.013,0.27,147.19,47.14,33.8,36.85,18.53,AVOID - Poor risk-adjusted score
CVX,31,57.78,0.0704,0.545,0.85,0.015,0.2,460.68,68.88,31.51,34.25,18.48,AVOID - Poor risk-adjusted score
BWA,31,50.35,0.0719,0.613,0.82,0.016,0.03,584.13,67.43,30.88,33.62,18.46,AVOID - Poor risk-adjusted score
PLNT,31,74.47,0.0493,0.396,0.7,0.009,0.23,187.61,45.61,29.5,31.31,18.42,AVOID - Poor risk-adjusted score
ZS,31,46.95,-0.0869,0.811,0.86,0.018,0.03,655.42,53.17,38.09,34.02,18.26,AVOID - Poor risk-adjusted score
HXL,31,55.67,0.0822,0.584,0.96,0.017,0.03,497.55,66.46,32.51,35.81,18.25,AVOID - Poor risk-adjusted score
TDOC,31,46.78,0.0479,0.575,0.57,0.012,0.13,661.0,68.72,26.91,28.51,18.22,AVOID - Poor risk-adjusted score
CSL,31,61.46,0.1042,0.579,1.22,0.02,0.27,391.84,70.72,35.6,40.14,18.04,AVOID - Poor risk-adjusted score
TTD,31,85.92,0.0282,0.296,0.46,0.005,0.07,51.0,39.69,25.47,26.37,18.01,AVOID - Poor risk-adjusted score
MTCH,31,56.78,0.0512,0.491,0.65,0.012,0.17,480.19,46.91,27.87,29.65,17.93,AVOID - Poor risk-adjusted score
FL,31,34.16,0.0962,0.89,0.91,0.027,0.13,838.81,76.69,30.4,33.99,17.77,AVOID - Poor risk-adjusted score
BEPC,31,47.13,0.0836,0.657,0.92,0.02,0.13,654.35,70.42,30.96,34.15,17.77,AVOID - Poor risk-adjusted score
RGLD,31,84.34,-0.1254,0.606,1.44,0.017,0.1,69.45,48.47,51.11,43.35,17.76,AVOID - Poor risk-adjusted score
U,31,69.7,0.3016,0.781,3.05,0.044,0.07,252.81,70.4,54.46,71.82,17.73,AVOID - Poor risk-adjusted score
UPST,31,36.87,0.1057,0.857,1.02,0.028,0.5,812.9,82.95,31.61,35.69,17.66,AVOID - Poor risk-adjusted score
JNJ,31,78.75,0.1319,0.51,1.65,0.021,0.0,132.32,63.2,40.15,46.54,17.54,AVOID - Poor risk-adjusted score
WAT,31,74.17,-0.1103,0.616,1.26,0.017,0.03,190.55,47.46,45.7,39.55,17.53,AVOID - Poor risk-adjusted score
TKR,31,50.55,0.0785,0.601,0.91,0.018,0.2,580.16,70.25,30.39,33.34,17.5,AVOID - Poor risk-adjusted score
CTAS,31,77.17,-0.064,0.455,0.85,0.011,0.27,151.42,47.9,35.15,32.36,17.5,AVOID - Poor risk-adjusted score
VYX,31,36.32,0.1038,0.856,1.0,0.028,0.2,820.39,76.92,31.1,35.05,17.49,AVOID - Poor risk-adjusted score
PYPL,31,71.78,0.0343,0.352,0.52,0.007,0.23,219.87,44.5,25.25,26.33,17.35,AVOID - Poor risk-adjusted score
TXT,31,48.8,0.1009,0.666,1.11,0.023,0.13,618.1,70.38,32.49,36.51,17.34,AVOID - Poor risk-adjusted score
KMT,31,49.09,0.0865,0.629,0.98,0.02,0.33,610.42,73.55,30.88,34.17,17.3,AVOID - Poor risk-adjusted score
BP,31,42.6,0.0498,0.601,0.57,0.013,0.27,733.06,72.03,25.62,27.21,17.28,AVOID - Poor risk-adjusted score
CYBR,31,31.81,-0.0456,0.831,0.45,0.014,0.07,858.94,54.86,26.44,24.94,17.24,AVOID - Poor risk-adjusted score
SSTK,31,48.63,0.1031,0.668,1.13,0.023,0.07,621.39,69.07,32.51,36.61,17.2,AVOID - Poor risk-adjusted score
INMD,31,81.77,0.0166,0.265,0.29,0.004,0.1,100.42,39.59,21.65,22.1,17.14,AVOID - Poor risk-adjusted score
WING,31,70.97,-0.0442,0.413,0.62,0.009,0.27,232.13,46.85,29.29,27.67,17.13,AVOID - Poor risk-adjusted score
DELL,31,42.61,0.1214,0.778,1.23,0.029,0.47,732.48,79.79,33.15,38.04,17.05,AVOID - Poor risk-adjusted score
MODG,31,28.99,0.0679,0.891,0.64,0.022,0.47,886.03,83.85,25.84,28.01,17.04,AVOID - Poor risk-adjusted score
YUMC,31,63.78,0.0973,0.524,1.2,0.019,0.07,348.84,65.18,33.45,37.43,17.0,AVOID - Poor risk-adjusted score
CSGP,31,80.7,0.0357,0.315,0.57,0.007,0.07,111.94,40.08,25.41,26.55,16.92,AVOID - Poor risk-adjusted score
MLCO,31,48.31,0.2696,0.942,2.48,0.051,0.6,629.77,85.13,45.53,58.91,16.91,AVOID - Poor risk-adjusted score
MKSI,31,48.81,0.0923,0.634,1.04,0.021,0.07,617.19,68.22,30.93,34.43,16.9,AVOID - Poor risk-adjusted score
BBWI,31,43.76,0.1203,0.754,1.24,0.028,0.33,715.87,76.46,33.0,37.82,16.89,AVOID - Poor risk-adjusted score
FIX,31,78.53,0.0771,0.408,1.08,0.014,0.2,135.13,44.87,32.04,35.09,16.88,AVOID - Poor risk-adjusted score
GE,31,77.8,0.0976,0.446,1.31,0.017,0.0,145.48,41.7,34.71,38.86,16.84,AVOID - Poor risk-adjusted score
BNTX,31,37.22,0.0457,0.645,0.51,0.014,0.27,810.1,73.31,23.99,25.36,16.81,AVOID - Poor risk-adjusted score
PANW,31,85.87,-0.0175,0.261,0.31,0.004,0.2,50.81,41.49,22.45,21.96,16.81,AVOID - Poor risk-adjusted score
BLK,31,81.1,0.0636,0.37,0.94,0.012,0.13,107.52,42.61,30.01,32.37,16.73,AVOID - Poor risk-adjusted score
KGC,31,87.1,-0.0476,0.35,0.72,0.008,0.2,40.71,43.69,30.52,28.71,16.71,AVOID - Poor risk-adjusted score
TAL,31,83.81,-0.0308,0.31,0.49,0.006,0.23,76.77,43.37,25.98,24.98,16.71,AVOID - Poor risk-adjusted score
ZBH,31,59.93,0.0468,0.43,0.64,0.011,0.23,421.48,46.5,25.76,27.26,16.64,AVOID - Poor risk-adjusted score
BXP,31,46.57,-0.0492,0.597,0.57,0.012,0.03,666.45,47.36,27.82,26.12,16.64,AVOID - Poor risk-adjusted score
TSLA,31,76.02,-0.1569,0.715,1.66,0.022,0.3,166.71,55.28,54.39,44.23,16.63,AVOID - Poor risk-adjusted score
JNPR,31,69.65,0.0685,0.426,0.94,0.013,0.03,250.42,42.11,29.69,32.21,16.62,AVOID - Poor risk-adjusted score
WCC,31,41.52,0.149,0.835,1.46,0.035,0.33,748.84,78.21,34.68,40.85,16.62,AVOID - Poor risk-adjusted score
MSM,31,58.64,0.1375,0.622,1.56,0.027,0.0,444.77,66.0,36.47,42.5,16.61,AVOID - Poor risk-adjusted score
SNOW,31,45.12,-0.0312,0.529,0.38,0.009,0.07,694.1,46.34,23.85,22.92,16.56,AVOID - Poor risk-adjusted score
EXPE,31,59.45,0.0777,0.502,0.98,0.016,0.0,429.94,63.41,29.85,32.71,16.51,AVOID - Poor risk-adjusted score
VST,31,66.9,0.0778,0.457,1.03,0.015,0.13,296.19,44.83,30.57,33.5,16.5,AVOID - Poor risk-adjusted score
GD,31,58.22,0.1366,0.62,1.55,0.027,0.17,453.71,69.26,36.08,42.01,16.46,AVOID - Poor risk-adjusted score
SBLK,31,48.71,0.0866,0.608,0.99,0.02,0.07,619.48,67.53,29.62,32.78,16.44,AVOID - Poor risk-adjusted score
PEP,31,52.05,0.0705,0.539,0.86,0.017,0.03,555.87,65.19,28.07,30.51,16.42,AVOID - Poor risk-adjusted score
PDCO,7,47.11,-0.0989,0.507,0.28,0.006,0.0,644.71,44.61,23.86,20.97,16.41,AVOID - Poor risk-adjusted score
AYI,31,70.0,0.2339,0.663,2.57,0.037,0.2,247.55,70.21,46.38,58.58,16.41,AVOID - Poor risk-adjusted score
CRK,31,60.12,-0.1209,0.724,1.27,0.021,0.2,418.58,53.6,43.52,37.14,16.35,AVOID - Poor risk-adjusted score
PAGS,31,52.19,-0.0411,0.5,0.52,0.01,0.27,552.77,49.32,26.07,24.74,16.27,AVOID - Poor risk-adjusted score
ENTG,31,53.67,0.0791,0.539,0.96,0.018,0.17,529.1,67.71,28.94,31.76,16.18,AVOID - Poor risk-adjusted score
HIMS,31,97.77,-0.0359,0.278,0.61,0.006,0.17,3.87,41.06,27.21,26.0,16.16,AVOID - Poor risk-adjusted score
EL,31,47.69,0.2153,0.837,2.1,0.044,0.4,642.68,78.7,39.92,49.73,16.02,AVOID - Poor risk-adjusted score
CHWY,31,68.19,-0.1285,0.669,1.41,0.021,0.27,274.0,53.35,45.63,38.54,16.02,AVOID - Poor risk-adjusted score
ASX,31,40.15,0.0516,0.594,0.6,0.015,0.23,767.65,70.98,23.83,25.36,15.85,AVOID - Poor risk-adjusted score
IQ,31,40.38,0.0225,0.491,0.29,0.007,0.07,764.13,45.35,19.82,20.38,15.83,AVOID - Poor risk-adjusted score
CHKP,31,30.49,-0.05,0.82,0.49,0.016,0.37,871.1,60.32,25.01,23.45,15.7,AVOID - Poor risk-adjusted score
FOXF,31,38.6,0.0522,0.608,0.6,0.016,0.13,791.19,69.37,23.49,25.01,15.65,AVOID - Poor risk-adjusted score
CSX,31,57.88,0.0528,0.434,0.72,0.012,0.1,458.61,43.79,25.14,26.79,15.6,AVOID - Poor risk-adjusted score
ICLR,31,47.35,0.0455,0.492,0.58,0.012,0.33,649.84,50.21,23.31,24.63,15.59,AVOID - Poor risk-adjusted score
CARR,31,53.71,0.0625,0.485,0.8,0.015,0.0,528.39,43.04,26.03,28.04,15.55,AVOID - Poor risk-adjusted score
HLF,31,36.8,0.1005,0.761,1.03,0.028,0.27,815.65,75.37,28.01,31.46,15.5,AVOID - Poor risk-adjusted score
NKE,31,70.26,0.1577,0.541,1.92,0.027,0.27,242.26,68.84,38.01,45.14,15.47,AVOID - Poor risk-adjusted score
RKLB,31,38.19,0.0496,0.6,0.57,0.015,0.2,797.13,70.49,22.91,24.32,15.46,AVOID - Poor risk-adjusted score
FI,31,62.31,-0.0564,0.463,0.74,0.012,0.33,376.68,49.36,28.83,26.81,15.39,AVOID - Poor risk-adjusted score
CTSH,31,78.13,-0.0516,0.37,0.76,0.01,0.07,139.45,41.46,28.9,27.05,15.38,AVOID - Poor risk-adjusted score
CAR,31,37.51,0.1329,0.815,1.32,0.035,0.27,806.52,76.28,30.57,35.47,15.31,AVOID - Poor risk-adjusted score
MKC,31,54.7,-0.0914,0.634,1.03,0.019,0.0,514.19,47.14,34.68,30.78,15.18,AVOID - Poor risk-adjusted score
DKS,31,50.87,0.2012,0.746,2.08,0.041,0.13,575.87,70.95,37.94,46.76,15.16,AVOID - Poor risk-adjusted score
SOFI,31,37.75,0.0899,0.705,0.96,0.025,0.4,802.23,76.61,26.61,29.55,15.09,AVOID - Poor risk-adjusted score
COTY,31,34.45,-0.0128,0.516,0.16,0.005,0.0,836.32,45.02,17.77,17.49,15.09,AVOID - Poor risk-adjusted score
TRIP,31,49.94,0.215,0.773,2.19,0.044,0.23,594.87,73.46,38.58,48.05,15.07,AVOID - Poor risk-adjusted score
PLAY,31,40.77,0.1049,0.695,1.13,0.028,0.1,757.97,70.09,28.33,31.96,15.04,AVOID - Poor risk-adjusted score
PM,31,68.41,-0.0929,0.531,1.14,0.017,0.07,269.39,45.59,36.31,32.16,15.02,AVOID - Poor risk-adjusted score
ALAB,31,40.3,0.1111,0.714,1.18,0.029,0.4,765.35,76.5,28.77,32.67,15.01,AVOID - Poor risk-adjusted score
MGA,31,37.16,0.0889,0.707,0.95,0.025,0.17,810.97,72.01,26.29,29.16,14.99,AVOID - Poor risk-adjusted score
AMBA,31,49.3,0.0788,0.542,0.96,0.019,0.0,606.23,64.3,26.7,29.29,14.96,AVOID - Poor risk-adjusted score
AR,31,62.96,-0.1426,0.718,1.5,0.024,0.0,365.1,49.15,45.2,37.47,14.96,AVOID - Poor risk-adjusted score
APA,31,56.67,0.0666,0.458,0.88,0.016,0.03,481.06,42.86,25.97,28.11,14.95,AVOID - Poor risk-adjusted score
EQR,31,55.71,-0.0583,0.502,0.74,0.013,0.23,495.74,48.41,27.97,25.94,14.95,AVOID - Poor risk-adjusted score
FLS,31,53.65,0.0978,0.544,1.19,0.022,0.07,529.0,65.44,29.19,32.69,14.95,AVOID - Poor risk-adjusted score
ALB,31,41.34,0.1315,0.737,1.37,0.033,0.03,750.9,69.47,30.47,35.31,14.9,AVOID - Poor risk-adjusted score
ASGN,31,40.69,-0.0301,0.522,0.37,0.009,0.07,758.32,46.07,21.23,20.44,14.88,AVOID - Poor risk-adjusted score
SNAP,31,25.27,0.0681,0.889,0.65,0.026,0.2,917.9,78.11,22.47,24.36,14.8,AVOID - Poor risk-adjusted score
RHI,31,63.72,0.1735,0.583,2.03,0.032,0.13,351.39,66.98,37.17,44.76,14.76,AVOID - Poor risk-adjusted score
JKS,31,30.35,0.1192,0.898,1.12,0.037,0.13,871.81,75.91,27.27,31.22,14.69,AVOID - Poor risk-adjusted score
KFY,31,68.27,0.1427,0.511,1.79,0.026,0.03,274.9,63.38,34.89,40.86,14.67,AVOID - Poor risk-adjusted score
ARW,31,44.34,0.0485,0.502,0.61,0.014,0.03,706.52,64.35,22.26,23.61,14.64,AVOID - Poor risk-adjusted score
EC,31,43.64,0.0216,0.422,0.3,0.007,0.03,718.0,42.66,18.43,18.93,14.59,AVOID - Poor risk-adjusted score
TXN,31,76.2,0.0673,0.354,1.01,0.013,0.03,165.74,39.94,26.94,29.19,14.5,AVOID - Poor risk-adjusted score
MCHP,31,59.75,0.0998,0.491,1.27,0.021,0.2,424.1,46.61,29.36,32.95,14.5,AVOID - Poor risk-adjusted score
DOX,31,66.82,-0.0586,0.422,0.81,0.012,0.1,296.9,43.46,28.21,26.16,14.48,AVOID - Poor risk-adjusted score
BAM,31,85.39,0.0159,0.217,0.3,0.004,0.17,57.45,39.48,18.51,18.88,14.47,AVOID - Poor risk-adjusted score
WYNN,31,50.91,0.3314,0.881,3.16,0.062,0.47,580.0,79.55,44.83,60.07,14.44,AVOID - Poor risk-adjusted score
KRC,31,51.63,-0.0585,0.519,0.73,0.014,0.17,563.0,47.49,26.78,24.83,14.39,AVOID - Poor risk-adjusted score
AIG,31,63.98,-0.0739,0.482,0.95,0.015,0.17,346.06,46.3,30.83,28.02,14.35,AVOID - Poor risk-adjusted score
CSIQ,31,27.2,0.0706,0.822,0.7,0.026,0.33,904.06,78.77,22.36,24.31,14.33,AVOID - Poor risk-adjusted score
MT,31,47.21,0.1093,0.604,1.26,0.027,0.2,652.19,69.45,28.51,32.31,14.31,AVOID - Poor risk-adjusted score
IP,31,50.18,0.1095,0.573,1.29,0.026,0.1,587.35,66.62,28.77,32.61,14.22,AVOID - Poor risk-adjusted score
CNK,31,45.5,-0.118,0.794,1.18,0.026,0.17,685.19,54.57,36.15,30.97,14.18,AVOID - Poor risk-adjusted score
AKAM,31,56.05,-0.012,0.305,0.19,0.003,0.1,490.71,40.79,17.07,16.82,14.08,AVOID - Poor risk-adjusted score
AGI,31,83.14,-0.0558,0.335,0.86,0.01,0.07,85.32,40.35,27.86,25.93,13.92,AVOID - Poor risk-adjusted score
PK,31,35.11,0.0246,0.503,0.31,0.009,0.17,831.48,67.55,17.67,18.21,13.9,AVOID - Poor risk-adjusted score
ALV,31,51.62,0.0642,0.458,0.85,0.016,0.4,562.48,50.11,23.66,25.54,13.82,AVOID - Poor risk-adjusted score
AES,31,29.1,0.0971,0.828,0.95,0.033,0.3,884.84,77.55,24.09,26.95,13.79,AVOID - Poor risk-adjusted score
UBER,31,75.36,0.0189,0.24,0.34,0.005,0.2,175.16,40.74,18.07,18.5,13.76,AVOID - Poor risk-adjusted score
CMI,31,55.36,0.0682,0.44,0.92,0.017,0.13,502.23,44.19,24.34,26.39,13.75,AVOID - Poor risk-adjusted score
BIIB,31,61.49,0.0152,0.276,0.26,0.004,0.27,391.45,43.18,16.95,17.27,13.72,AVOID - Poor risk-adjusted score
TCOM,31,64.99,0.0413,0.329,0.64,0.01,0.27,327.32,44.22,21.4,22.5,13.69,AVOID - Poor risk-adjusted score
LDOS,31,49.92,0.0772,0.491,0.98,0.02,0.13,592.39,45.44,24.54,26.88,13.54,AVOID - Poor risk-adjusted score
CCEP,31,54.13,0.047,0.394,0.67,0.012,0.07,520.19,41.92,21.33,22.58,13.52,AVOID - Poor risk-adjusted score
DPZ,31,48.45,0.0881,0.523,1.09,0.022,0.0,626.71,63.45,25.35,28.09,13.45,AVOID - Poor risk-adjusted score
UL,31,59.64,-0.0497,0.407,0.7,0.012,0.17,428.13,44.37,24.26,22.76,13.41,AVOID - Poor risk-adjusted score
CMBT,31,38.75,0.021,0.433,0.29,0.007,0.03,789.45,42.93,16.79,17.23,13.4,AVOID - Poor risk-adjusted score
CCL,31,56.37,0.2328,0.668,2.55,0.045,0.23,485.03,70.2,37.67,47.54,13.4,AVOID - Poor risk-adjusted score
PTON,31,55.17,-0.0492,0.431,0.67,0.012,0.23,505.42,46.38,23.77,22.32,13.36,AVOID - Poor risk-adjusted score
PHM,31,69.1,0.0979,0.409,1.37,0.02,0.23,260.26,44.95,28.26,31.65,13.36,AVOID - Poor risk-adjusted score
KLAC,31,86.06,0.0472,0.266,0.82,0.01,0.2,49.77,41.02,22.87,24.22,13.31,AVOID - Poor risk-adjusted score
NOW,31,89.29,-0.0828,0.368,1.22,0.014,0.2,29.19,43.68,32.89,29.53,13.3,AVOID - Poor risk-adjusted score
VRSN,31,75.14,-0.0111,0.217,0.21,0.003,0.2,177.97,40.23,16.3,16.08,13.26,AVOID - Poor risk-adjusted score
LYB,31,28.23,0.0366,0.633,0.41,0.015,0.03,895.29,68.2,17.87,18.68,13.24,AVOID - Poor risk-adjusted score
PWR,31,62.87,0.0642,0.376,0.94,0.015,0.07,365.35,41.12,23.63,25.51,13.17,AVOID - Poor risk-adjusted score
TEAM,31,38.72,-0.0478,0.566,0.57,0.015,0.03,789.81,46.18,21.91,20.61,13.14,AVOID - Poor risk-adjusted score
STNG,31,61.55,0.037,0.322,0.58,0.009,0.03,389.61,39.38,19.82,20.74,13.09,AVOID - Poor risk-adjusted score
CMC,31,56.86,0.0649,0.405,0.91,0.016,0.13,478.65,43.21,23.02,24.87,13.01,AVOID - Poor risk-adjusted score
TS,31,80.24,0.0564,0.292,0.93,0.012,0.07,116.19,38.93,23.43,25.07,12.96,AVOID - Poor risk-adjusted score
Z,31,43.63,0.0376,0.429,0.51,0.012,0.13,718.45,44.36,18.72,19.6,12.95,AVOID - Poor risk-adjusted score
RMBS,31,95.89,0.0163,0.178,0.35,0.004,0.07,5.9,36.3,17.03,17.38,12.92,AVOID - Poor risk-adjusted score
QCOM,31,83.55,0.0667,0.298,1.09,0.013,0.13,79.42,40.3,24.89,26.95,12.88,AVOID - Poor risk-adjusted score
VIAV,31,67.67,0.0419,0.304,0.68,0.01,0.0,283.26,38.11,20.56,21.63,12.88,AVOID - Poor risk-adjusted score
DOV,31,67.14,0.0502,0.322,0.79,0.012,0.13,292.48,41.16,21.65,23.0,12.84,AVOID - Poor risk-adjusted score
EQIX,31,60.04,-0.0887,0.507,1.11,0.019,0.13,419.9,46.03,30.46,27.14,12.84,AVOID - Poor risk-adjusted score
VOD,31,45.38,0.0401,0.418,0.55,0.012,0.07,689.71,42.66,18.98,19.93,12.82,AVOID - Poor risk-adjusted score
GPC,31,44.72,0.0847,0.529,1.04,0.023,0.03,700.29,64.19,23.64,26.1,12.78,AVOID - Poor risk-adjusted score
WSM,31,77.1,0.0712,0.322,1.12,0.015,0.13,152.68,40.87,24.82,27.01,12.72,AVOID - Poor risk-adjusted score
MUR,31,50.48,0.0395,0.377,0.58,0.011,0.03,582.29,40.83,19.02,19.96,12.67,AVOID - Poor risk-adjusted score
AME,31,68.1,-0.0627,0.381,0.91,0.013,0.2,274.61,44.11,25.97,23.95,12.55,AVOID - Poor risk-adjusted score
UBS,31,27.8,0.1065,0.819,1.05,0.038,0.2,898.68,74.79,22.78,25.74,12.54,AVOID - Poor risk-adjusted score
MPC,31,35.02,0.1364,0.741,1.42,0.04,0.33,831.61,74.85,25.95,30.21,12.5,AVOID - Poor risk-adjusted score
IRM,31,51.19,-0.0752,0.52,0.93,0.018,0.03,571.84,44.45,26.62,24.15,12.5,AVOID - Poor risk-adjusted score
SNX,31,45.27,0.2039,0.708,2.17,0.048,0.33,688.65,73.13,32.06,39.59,12.5,AVOID - Poor risk-adjusted score
LU,31,57.34,-0.0751,0.473,0.98,0.017,0.03,466.9,43.16,27.13,24.61,12.45,AVOID - Poor risk-adjusted score
HPE,31,47.31,0.1237,0.565,1.47,0.031,0.2,651.16,67.84,26.74,30.75,12.44,AVOID - Poor risk-adjusted score
BCE,31,40.55,0.0913,0.57,1.08,0.027,0.13,760.58,67.09,23.1,25.69,12.34,AVOID - Poor risk-adjusted score
PHG,31,45.78,0.0609,0.453,0.81,0.018,0.07,681.45,43.16,20.74,22.31,12.33,AVOID - Poor risk-adjusted score
NTCT,31,77.85,-0.027,0.243,0.49,0.006,0.1,141.94,38.65,18.9,18.26,12.25,AVOID - Poor risk-adjusted score
STX,31,62.27,0.1069,0.427,1.46,0.023,0.13,376.39,43.12,26.57,30.04,12.2,AVOID - Poor risk-adjusted score
CRWD,31,49.99,0.0395,0.368,0.58,0.012,0.13,592.23,42.53,18.38,19.29,12.18,AVOID - Poor risk-adjusted score
TOL,31,56.41,0.0886,0.43,1.21,0.021,0.0,486.0,40.75,24.24,26.88,12.17,AVOID - Poor risk-adjusted score
AVAV,31,75.4,0.5949,0.777,6.03,0.08,0.2,179.0,69.32,58.62,85.08,12.1,AVOID - Poor risk-adjusted score
CRUS,31,85.97,-0.0106,0.175,0.23,0.003,0.13,49.97,37.65,15.03,14.83,12.09,AVOID - Poor risk-adjusted score
RSG,31,60.71,-0.0757,0.441,1.02,0.017,0.2,407.26,45.56,26.8,24.29,12.03,AVOID - Poor risk-adjusted score
T,31,56.68,-0.0542,0.4,0.77,0.014,0.17,478.1,44.0,22.7,21.17,11.99,AVOID - Poor risk-adjusted score
UA,31,48.46,0.0311,0.35,0.47,0.01,0.1,624.16,41.52,16.94,17.6,11.97,AVOID - Poor risk-adjusted score
BEN,31,59.7,0.0598,0.354,0.9,0.015,0.3,425.84,45.12,21.15,22.72,11.96,AVOID - Poor risk-adjusted score
CC,31,28.96,0.0763,0.685,0.82,0.028,0.27,886.55,73.04,19.84,21.72,11.9,AVOID - Poor risk-adjusted score
AAP,31,38.55,0.27,0.856,2.61,0.068,0.2,788.19,72.92,33.0,42.71,11.83,AVOID - Poor risk-adjusted score
VSH,31,41.66,0.0679,0.489,0.87,0.021,0.2,746.58,46.58,20.36,22.08,11.82,AVOID - Poor risk-adjusted score
REGN,31,77.62,0.0059,0.17,0.13,0.002,0.0,145.65,34.93,13.19,13.29,11.79,AVOID - Poor risk-adjusted score
FIZZ,31,83.91,-0.022,0.207,0.43,0.005,0.13,75.35,38.35,17.34,16.86,11.76,AVOID - Poor risk-adjusted score
FNV,31,39.94,-0.0582,0.541,0.71,0.018,0.2,770.58,48.45,21.61,20.04,11.73,AVOID - Poor risk-adjusted score
JBL,31,61.96,0.1544,0.478,2.0,0.032,0.3,381.23,47.12,29.63,35.08,11.71,AVOID - Poor risk-adjusted score
BIO,31,64.12,0.0237,0.251,0.42,0.007,0.17,342.87,40.19,16.07,16.55,11.62,AVOID - Poor risk-adjusted score
CASY,31,55.93,-0.0769,0.461,1.01,0.018,0.07,491.61,43.36,25.8,23.35,11.6,AVOID - Poor risk-adjusted score
IBP,31,58.33,0.1019,0.423,1.4,0.024,0.1,451.45,42.3,24.7,27.78,11.57,AVOID - Poor risk-adjusted score
TRGP,31,48.62,-0.0418,0.4,0.59,0.012,0.07,620.19,42.1,19.43,18.41,11.57,AVOID - Poor risk-adjusted score
HRL,31,56.02,-0.0776,0.457,1.03,0.018,0.1,489.77,43.88,25.61,23.16,11.43,AVOID - Poor risk-adjusted score
UAA,31,47.66,0.0303,0.337,0.47,0.01,0.13,642.48,41.8,16.06,16.67,11.37,AVOID - Poor risk-adjusted score
ESI,31,58.77,0.0721,0.366,1.07,0.018,0.17,443.16,42.49,21.48,23.4,11.32,AVOID - Poor risk-adjusted score
CNC,31,47.36,-0.1249,0.666,1.37,0.029,0.07,644.97,48.41,31.52,26.76,11.29,AVOID - Poor risk-adjusted score
DHI,31,61.26,0.1194,0.424,1.64,0.027,0.17,395.45,43.39,25.99,29.76,11.28,AVOID - Poor risk-adjusted score
MTG,31,75.25,-0.0769,0.356,1.15,0.015,0.33,176.29,45.8,26.76,24.22,11.24,AVOID - Poor risk-adjusted score
TMO,31,60.61,0.0685,0.348,1.04,0.017,0.07,408.87,40.06,21.1,22.89,11.23,AVOID - Poor risk-adjusted score
NBIS,31,43.96,0.1641,0.61,1.88,0.043,0.3,710.81,70.04,26.83,32.04,11.13,AVOID - Poor risk-adjusted score
PRGS,31,55.22,-0.2002,0.79,2.02,0.037,0.13,502.13,52.7,43.6,33.51,11.11,AVOID - Poor risk-adjusted score
ROK,31,67.3,0.0414,0.269,0.71,0.011,0.13,289.16,39.67,18.09,19.03,11.1,AVOID - Poor risk-adjusted score
KO,31,68.05,-0.0529,0.318,0.84,0.012,0.23,275.45,42.98,21.65,20.23,11.01,AVOID - Poor risk-adjusted score
LHX,31,54.15,0.0476,0.333,0.74,0.014,0.23,520.13,43.29,18.02,19.08,10.98,AVOID - Poor risk-adjusted score
UI,31,82.14,0.0364,0.217,0.7,0.009,0.13,96.58,38.32,17.81,18.61,10.96,AVOID - Poor risk-adjusted score
PSX,31,37.82,0.1681,0.676,1.83,0.048,0.57,800.29,76.79,25.58,30.66,10.84,AVOID - Poor risk-adjusted score
BKNG,31,83.57,0.0116,0.161,0.26,0.003,0.07,79.81,35.85,13.45,13.65,10.84,AVOID - Poor risk-adjusted score
AIZ,31,58.7,-0.0548,0.358,0.82,0.014,0.1,444.03,41.36,21.04,19.61,10.78,AVOID - Poor risk-adjusted score
LUV,31,47.11,0.1635,0.562,1.95,0.041,0.2,655.48,66.73,26.49,31.63,10.72,AVOID - Poor risk-adjusted score
NWSA,31,64.55,0.0446,0.275,0.76,0.012,0.07,336.13,38.4,17.73,18.72,10.63,AVOID - Poor risk-adjusted score
CAKE,31,45.87,0.0835,0.444,1.12,0.024,0.2,679.65,44.89,20.38,22.48,10.6,AVOID - Poor risk-adjusted score
VRNT,31,48.49,0.0613,0.381,0.89,0.018,0.13,624.87,42.26,18.46,19.87,10.52,AVOID - Poor risk-adjusted score
TNL,31,50.84,0.1167,0.458,1.54,0.03,0.23,575.03,45.37,23.29,26.59,10.46,AVOID - Poor risk-adjusted score
CRSP,31,28.25,0.1695,0.819,1.68,0.059,0.2,893.1,72.63,23.13,27.75,10.37,AVOID - Poor risk-adjusted score
SMG,31,45.28,0.0724,0.42,1.0,0.022,0.2,691.0,44.38,19.0,20.7,10.36,AVOID - Poor risk-adjusted score
MLKN,31,32.15,0.1029,0.619,1.17,0.036,0.03,854.9,65.61,19.91,22.42,10.33,AVOID - Poor risk-adjusted score
BF-B,31,61.83,0.0651,0.314,1.04,0.017,0.03,384.35,38.4,19.4,20.97,10.28,AVOID - Poor risk-adjusted score
APD,31,52.57,0.0552,0.336,0.85,0.016,0.17,548.0,41.81,17.69,18.9,10.21,AVOID - Poor risk-adjusted score
WMB,31,59.88,-0.041,0.3,0.67,0.011,0.0,424.23,37.87,17.95,17.03,10.2,AVOID - Poor risk-adjusted score
CNM,31,58.48,0.0475,0.293,0.78,0.013,0.1,448.06,39.45,17.14,18.15,10.18,AVOID - Poor risk-adjusted score
WDC,31,24.67,0.1407,0.837,1.38,0.056,0.27,922.81,74.86,20.65,24.14,10.16,AVOID - Poor risk-adjusted score
BLDR,31,39.15,0.05,0.413,0.7,0.018,0.0,782.68,40.62,16.18,17.19,10.14,AVOID - Poor risk-adjusted score
MLM,31,53.82,0.0522,0.322,0.82,0.015,0.07,525.03,39.46,17.32,18.44,10.12,AVOID - Poor risk-adjusted score
KKR,31,33.78,0.1574,0.682,1.7,0.05,0.07,841.68,66.74,23.04,27.35,10.11,AVOID - Poor risk-adjusted score
LII,31,59.6,0.0933,0.361,1.39,0.023,0.07,427.77,39.85,21.54,24.01,10.05,AVOID - Poor risk-adjusted score
PGR,31,74.53,-0.1352,0.451,1.8,0.024,0.27,186.06,46.44,33.6,28.13,10.04,AVOID - Poor risk-adjusted score
MTSI,31,87.07,0.014,0.15,0.32,0.004,0.13,39.81,36.79,13.04,13.26,10.03,AVOID - Poor risk-adjusted score
BALL,31,42.11,0.0903,0.467,1.18,0.028,0.23,739.61,45.88,19.67,21.86,10.02,AVOID - Poor risk-adjusted score
SYK,31,72.06,0.0425,0.234,0.79,0.011,0.13,215.68,38.6,16.86,17.76,9.94,AVOID - Poor risk-adjusted score
TER,31,84.87,0.0319,0.187,0.66,0.008,0.17,63.35,38.16,15.84,16.47,9.92,AVOID - Poor risk-adjusted score
ARCB,31,37.78,0.0943,0.511,1.18,0.031,0.03,801.74,62.88,19.31,21.55,9.88,AVOID - Poor risk-adjusted score
WOOF,31,26.45,0.1246,0.742,1.29,0.049,0.17,909.19,70.71,19.63,22.6,9.85,AVOID - Poor risk-adjusted score
CHTR,31,55.48,-0.0864,0.432,1.18,0.021,0.13,499.84,43.52,23.98,21.43,9.85,AVOID - Poor risk-adjusted score
MRNA,31,22.2,0.1304,0.863,1.26,0.057,0.2,935.65,74.22,19.15,22.16,9.82,AVOID - Poor risk-adjusted score
UAL,31,46.45,0.257,0.63,2.9,0.062,0.0,667.58,62.66,29.26,37.55,9.64,AVOID - Poor risk-adjusted score
X,31,45.48,-0.0306,0.323,0.48,0.011,0.0,687.16,38.64,14.7,14.14,9.54,AVOID - Poor risk-adjusted score
NTAP,31,70.11,0.0449,0.234,0.83,0.012,0.13,243.35,38.52,16.43,17.35,9.49,AVOID - Poor risk-adjusted score
DE,31,56.77,-0.0492,0.316,0.78,0.014,0.07,476.68,39.45,17.97,16.87,9.47,AVOID - Poor risk-adjusted score
DKNG,31,24.51,0.1018,0.71,1.08,0.044,0.0,924.03,66.88,17.4,19.57,9.4,AVOID - Poor risk-adjusted score
HII,31,41.5,0.0862,0.441,1.16,0.028,0.27,748.42,45.77,18.3,20.24,9.37,AVOID - Poor risk-adjusted score
WLK,31,41.85,0.0683,0.405,0.96,0.023,0.2,743.16,43.84,16.93,18.36,9.37,AVOID - Poor risk-adjusted score
LEG,31,30.97,0.0495,0.469,0.65,0.021,0.07,866.0,43.31,14.52,15.42,9.36,AVOID - Poor risk-adjusted score
SONY,31,47.42,-0.0699,0.423,0.96,0.02,0.23,644.94,45.32,20.05,18.32,9.34,AVOID - Poor risk-adjusted score
RACE,31,80.09,0.0349,0.19,0.72,0.009,0.07,118.61,36.14,15.23,15.89,9.26,AVOID - Poor risk-adjusted score
PII,31,25.41,0.0852,0.642,0.95,0.037,0.27,917.74,70.84,16.31,18.02,9.23,AVOID - Poor risk-adjusted score
FIS,31,52.62,0.0416,0.283,0.7,0.013,0.03,546.35,37.82,14.87,15.64,9.2,AVOID - Poor risk-adjusted score
MPW,31,48.91,-0.0515,0.355,0.77,0.016,0.0,613.61,39.06,17.35,16.24,9.16,AVOID - Poor risk-adjusted score
GS,31,32.27,0.1992,0.715,2.11,0.065,0.3,854.68,70.93,23.08,28.4,9.14,AVOID - Poor risk-adjusted score
ENSG,31,55.77,-0.0945,0.422,1.3,0.023,0.07,495.1,41.65,23.52,20.79,9.03,AVOID - Poor risk-adjusted score
HIG,31,73.04,-0.0419,0.232,0.78,0.011,0.07,204.39,37.22,16.93,16.04,9.02,AVOID - Poor risk-adjusted score
LH,31,52.2,-0.0382,0.295,0.63,0.012,0.13,553.26,40.32,15.42,14.68,9.01,AVOID - Poor risk-adjusted score
DQ,31,18.58,0.138,0.942,1.27,0.068,0.27,944.55,76.74,17.5,20.41,8.98,AVOID - Poor risk-adjusted score
TW,31,43.3,-0.0377,0.342,0.58,0.013,0.13,723.45,41.61,14.83,14.13,8.96,AVOID - Poor risk-adjusted score
HSIC,31,46.42,-0.0409,0.33,0.64,0.014,0.07,668.39,39.87,15.33,14.55,8.88,AVOID - Poor risk-adjusted score
SAP,31,83.76,-0.0325,0.184,0.68,0.008,0.17,77.52,38.04,15.41,14.79,8.81,AVOID - Poor risk-adjusted score
LULU,31,82.09,0.0152,0.143,0.36,0.004,0.27,96.29,39.19,11.74,11.97,8.81,AVOID - Poor risk-adjusted score
ZTO,31,53.38,0.048,0.282,0.81,0.015,0.13,534.0,39.6,15.03,15.92,8.8,AVOID - Poor risk-adjusted score
DGX,31,53.13,-0.0707,0.37,1.04,0.02,0.3,537.52,45.14,19.65,17.93,8.79,AVOID - Poor risk-adjusted score
WPM,31,93.87,-0.0352,0.172,0.76,0.008,0.03,9.55,35.02,16.17,15.46,8.79,AVOID - Poor risk-adjusted score
LNG,31,61.16,-0.0543,0.292,0.9,0.015,0.1,398.23,39.3,17.88,16.67,8.78,AVOID - Poor risk-adjusted score
ENOV,31,42.62,-0.0431,0.358,0.64,0.015,0.23,732.84,43.89,15.25,14.43,8.78,AVOID - Poor risk-adjusted score
BIDU,31,58.28,0.0148,0.192,0.3,0.005,0.0,451.03,35.25,11.21,11.41,8.77,AVOID - Poor risk-adjusted score
AMKR,31,48.56,0.0567,0.32,0.9,0.018,0.17,622.68,41.09,15.54,16.64,8.77,AVOID - Poor risk-adjusted score
ATI,31,69.16,0.0139,0.163,0.31,0.004,0.07,258.55,35.76,11.24,11.44,8.74,AVOID - Poor risk-adjusted score
SSRM,31,79.74,-0.0144,0.148,0.33,0.004,0.0,122.87,34.04,11.84,11.63,8.71,AVOID - Poor risk-adjusted score
LKQ,31,43.38,-0.0508,0.371,0.74,0.017,0.0,721.61,39.43,16.11,15.1,8.65,AVOID - Poor risk-adjusted score
ZI,23,52.33,0.0162,0.201,0.24,0.005,0.27,551.61,41.01,10.49,10.71,8.63,AVOID - Poor risk-adjusted score
ESTC,31,38.48,0.0262,0.307,0.42,0.011,0.1,793.48,40.12,11.83,12.22,8.58,AVOID - Poor risk-adjusted score
ABNB,31,84.64,0.0098,0.124,0.25,0.003,0.1,66.61,35.43,10.49,10.62,8.51,AVOID - Poor risk-adjusted score
KIM,31,58.86,-0.0229,0.215,0.44,0.008,0.03,440.94,36.35,12.63,12.27,8.5,AVOID - Poor risk-adjusted score
GIS,31,44.99,-0.0544,0.365,0.81,0.018,0.03,696.03,39.83,16.43,15.32,8.49,AVOID - Poor risk-adjusted score
MSTR,31,25.02,0.058,0.533,0.71,0.028,0.0,920.03,63.17,13.35,14.31,8.37,AVOID - Poor risk-adjusted score
MPWR,31,89.62,0.0409,0.168,0.89,0.01,0.13,26.71,36.71,15.06,15.83,8.36,AVOID - Poor risk-adjusted score
AVGO,31,76.82,0.0456,0.197,0.92,0.012,0.37,156.84,42.05,15.15,16.01,8.35,AVOID - Poor risk-adjusted score
RTX,31,55.1,0.0327,0.233,0.61,0.011,0.2,507.29,39.89,12.84,13.36,8.32,AVOID - Poor risk-adjusted score
WAB,31,65.31,0.0644,0.251,1.15,0.018,0.1,323.13,37.76,16.37,17.68,8.22,AVOID - Poor risk-adjusted score
TTEK,31,52.14,0.0461,0.267,0.8,0.015,0.03,553.81,37.16,13.95,14.75,8.21,AVOID - Poor risk-adjusted score
MP,31,32.31,0.0767,0.463,1.01,0.031,0.53,854.65,51.43,14.95,16.37,8.15,AVOID - Poor risk-adjusted score
PSA,31,64.78,-0.0392,0.228,0.73,0.011,0.33,332.81,42.38,14.78,14.06,8.1,AVOID - Poor risk-adjusted score
SIMO,31,26.08,0.1152,0.625,1.3,0.05,0.33,913.06,70.41,16.29,18.57,8.06,AVOID - Poor risk-adjusted score
RMD,31,88.89,0.0434,0.168,0.95,0.011,0.2,30.68,37.96,14.89,15.7,8.05,AVOID - Poor risk-adjusted score
R,31,38.74,0.0967,0.43,1.32,0.034,0.1,788.65,41.51,16.68,18.66,8.04,AVOID - Poor risk-adjusted score
AJG,31,75.98,-0.0377,0.195,0.76,0.01,0.4,167.23,42.85,14.83,14.13,8.02,AVOID - Poor risk-adjusted score
XRX,31,22.8,0.0414,0.507,0.52,0.023,0.27,933.84,68.27,11.56,12.16,8.0,AVOID - Poor risk-adjusted score
BA,31,22.38,0.0379,0.504,0.48,0.021,0.2,936.23,67.0,11.28,11.82,8.0,AVOID - Poor risk-adjusted score
FCN,31,64.44,-0.0725,0.298,1.19,0.018,0.0,337.77,37.08,19.18,17.46,7.98,AVOID - Poor risk-adjusted score
WU,31,38.96,-0.014,0.259,0.25,0.006,0.17,785.61,40.47,10.08,9.91,7.96,AVOID - Poor risk-adjusted score
MSFT,31,86.01,0.0292,0.149,0.68,0.008,0.1,50.29,35.69,12.83,13.3,7.94,AVOID - Poor risk-adjusted score
WBA,31,24.08,0.1393,0.702,1.49,0.062,0.03,926.48,65.57,16.92,19.75,7.94,AVOID - Poor risk-adjusted score
JBHT,31,50.26,0.0636,0.298,1.04,0.021,0.03,585.9,37.54,14.99,16.17,7.92,AVOID - Poor risk-adjusted score
TRI,31,70.05,0.0543,0.216,1.05,0.015,0.13,243.97,37.65,15.12,16.14,7.89,AVOID - Poor risk-adjusted score
ELV,31,55.78,-0.1673,0.535,2.05,0.037,0.2,494.35,46.38,29.84,23.94,7.86,AVOID - Poor risk-adjusted score
WFC,31,30.33,0.0718,0.462,0.95,0.031,0.2,872.71,44.73,14.0,15.24,7.84,AVOID - Poor risk-adjusted score
INFY,31,84.46,-0.0402,0.18,0.85,0.01,0.07,67.9,35.74,15.22,14.46,7.83,AVOID - Poor risk-adjusted score
ADM,31,36.33,0.0622,0.38,0.9,0.025,0.23,819.87,43.58,13.8,14.86,7.82,AVOID - Poor risk-adjusted score
EXTR,31,70.92,0.0305,0.175,0.65,0.009,0.0,231.77,34.34,12.44,12.91,7.81,AVOID - Poor risk-adjusted score
PH,31,70.17,0.05,0.207,0.98,0.014,0.1,242.55,36.82,14.54,15.44,7.79,AVOID - Poor risk-adjusted score
NWG,31,32.69,-0.0791,0.521,0.98,0.03,0.13,850.26,45.31,17.04,15.38,7.77,AVOID - Poor risk-adjusted score
APH,31,78.86,0.0652,0.208,1.28,0.016,0.1,131.13,36.6,16.37,17.69,7.76,AVOID - Poor risk-adjusted score
ZD,31,56.47,-0.0114,0.173,0.24,0.004,0.03,482.1,35.44,9.8,9.66,7.76,AVOID - Poor risk-adjusted score
PCG,31,38.05,-0.0262,0.299,0.43,0.011,0.07,799.9,39.18,11.38,11.01,7.71,AVOID - Poor risk-adjusted score
MO,31,62.77,-0.0319,0.208,0.63,0.01,0.1,367.77,37.24,13.05,12.53,7.71,AVOID - Poor risk-adjusted score
PENN,31,28.05,0.0202,0.348,0.31,0.011,0.03,897.19,40.02,9.77,10.01,7.67,AVOID - Poor risk-adjusted score
VICI,31,66.21,-0.0186,0.166,0.41,0.006,0.17,307.61,37.71,11.01,10.76,7.64,AVOID - Poor risk-adjusted score
CBOE,31,82.42,0.0358,0.159,0.8,0.01,0.07,93.16,35.14,13.12,13.71,7.6,AVOID - Poor risk-adjusted score
BSX,31,77.57,0.0647,0.206,1.28,0.016,0.0,148.0,34.52,15.94,17.22,7.57,AVOID - Poor risk-adjusted score
HAIN,31,26.3,-0.0253,0.403,0.36,0.014,0.1,910.58,42.74,10.61,10.27,7.57,AVOID - Poor risk-adjusted score
HON,31,62.66,0.0375,0.2,0.75,0.012,0.13,369.23,37.48,12.56,13.14,7.51,AVOID - Poor risk-adjusted score
ETSY,31,65.66,0.0692,0.238,1.27,0.019,0.07,316.81,36.55,15.64,16.98,7.49,AVOID - Poor risk-adjusted score
BRKR,31,46.66,0.0445,0.269,0.77,0.016,0.1,663.39,38.42,12.55,13.24,7.49,AVOID - Poor risk-adjusted score
EOG,31,80.18,-0.0454,0.19,0.93,0.012,0.0,117.68,34.54,15.23,14.37,7.44,AVOID - Poor risk-adjusted score
TGT,31,40.32,0.0469,0.306,0.76,0.019,0.13,764.32,39.96,12.33,13.05,7.42,AVOID - Poor risk-adjusted score
CPB,31,36.67,-0.0716,0.434,0.97,0.027,0.03,815.58,41.04,15.91,14.5,7.35,AVOID - Poor risk-adjusted score
XPEV,31,27.57,-0.0118,0.321,0.19,0.007,0.0,901.26,38.95,8.84,8.71,7.34,AVOID - Poor risk-adjusted score
EPR,31,57.18,-0.0331,0.218,0.63,0.011,0.1,469.1,37.42,12.44,11.93,7.3,AVOID - Poor risk-adjusted score
CHRW,31,53.63,0.0394,0.226,0.74,0.014,0.0,528.61,35.39,12.11,12.71,7.3,AVOID - Poor risk-adjusted score
GM,31,34.03,0.0376,0.324,0.59,0.017,0.27,839.61,43.33,11.04,11.56,7.27,AVOID - Poor risk-adjusted score
HST,31,53.38,0.022,0.192,0.45,0.008,0.27,533.55,40.25,10.24,10.52,7.26,AVOID - Poor risk-adjusted score
DAL,31,37.68,0.2968,0.633,3.34,0.089,0.07,801.55,61.48,23.86,31.38,7.24,AVOID - Poor risk-adjusted score
QLYS,31,89.51,-0.0083,0.101,0.23,0.003,0.07,27.19,34.09,9.02,8.92,7.24,AVOID - Poor risk-adjusted score
TTWO,31,65.94,-0.031,0.187,0.64,0.01,0.1,312.29,36.65,12.35,11.87,7.23,AVOID - Poor risk-adjusted score
CALM,31,42.35,-0.0325,0.276,0.55,0.013,0.1,736.74,38.96,11.67,11.2,7.21,AVOID - Poor risk-adjusted score
AEM,31,87.85,-0.037,0.158,0.83,0.009,0.07,36.23,35.11,13.84,13.2,7.2,AVOID - Poor risk-adjusted score
C,31,29.25,0.0791,0.455,1.05,0.036,0.37,884.32,47.41,13.32,14.62,7.14,AVOID - Poor risk-adjusted score
SYF,31,32.62,0.1581,0.539,1.93,0.059,0.33,851.06,66.93,17.58,20.88,7.14,AVOID - Poor risk-adjusted score
AU,31,85.27,-0.0396,0.165,0.87,0.01,0.07,58.06,35.25,14.05,13.35,7.13,AVOID - Poor risk-adjusted score
RBLX,31,40.62,0.0144,0.218,0.28,0.007,0.23,759.94,40.54,8.87,9.03,7.08,AVOID - Poor risk-adjusted score
KEYS,31,84.82,0.0067,0.098,0.19,0.002,0.03,64.81,33.38,8.3,8.37,7.03,AVOID - Poor risk-adjusted score
D,31,46.52,0.0408,0.249,0.73,0.016,0.07,666.23,37.23,11.58,12.17,7.03,AVOID - Poor risk-adjusted score
GWW,31,72.08,-0.0282,0.163,0.62,0.009,0.2,217.65,38.03,11.76,11.35,6.99,AVOID - Poor risk-adjusted score
LITE,31,24.75,0.0561,0.459,0.74,0.03,0.3,922.26,46.78,11.36,12.15,6.98,AVOID - Poor risk-adjusted score
WY,31,49.03,-0.0325,0.236,0.6,0.012,0.07,610.84,37.18,11.55,11.08,6.93,AVOID - Poor risk-adjusted score
KDP,31,53.2,0.0321,0.204,0.64,0.012,0.07,536.94,36.25,10.83,11.26,6.88,AVOID - Poor risk-adjusted score
KBR,31,41.16,-0.0466,0.31,0.75,0.018,0.33,752.13,44.16,12.78,12.04,6.88,AVOID - Poor risk-adjusted score
URBN,31,69.09,0.0245,0.151,0.56,0.008,0.2,259.26,37.71,10.43,10.75,6.87,AVOID - Poor risk-adjusted score
TREE,31,44.93,0.0406,0.25,0.73,0.016,0.07,697.23,37.21,11.22,11.78,6.82,AVOID - Poor risk-adjusted score
ORA,31,49.3,0.0636,0.269,1.1,0.022,0.0,607.06,35.84,13.26,14.31,6.82,AVOID - Poor risk-adjusted score
IVZ,31,61.63,0.0778,0.243,1.41,0.023,0.27,389.0,40.35,15.0,16.44,6.82,AVOID - Poor risk-adjusted score
CF,31,73.61,0.0518,0.181,1.09,0.015,0.17,198.45,37.28,13.32,14.18,6.79,AVOID - Poor risk-adjusted score
UHAL,31,41.13,-0.0156,0.218,0.3,0.007,0.33,751.61,42.48,8.97,8.8,6.77,AVOID - Poor risk-adjusted score
NOC,31,48.36,0.189,0.414,2.63,0.054,0.07,628.81,38.32,20.03,24.43,6.74,AVOID - Poor risk-adjusted score
AGCO,31,39.8,0.0592,0.308,0.95,0.024,0.2,772.45,40.83,12.24,13.14,6.72,AVOID - Poor risk-adjusted score
KSS,31,29.25,0.1153,0.494,1.47,0.05,0.07,884.32,41.15,14.46,16.49,6.69,AVOID - Poor risk-adjusted score
EXEL,31,100.51,0.011,0.087,0.33,0.003,0.03,2.42,32.95,8.75,8.87,6.65,AVOID - Poor risk-adjusted score
CMG,31,70.68,0.0315,0.155,0.72,0.01,0.0,234.68,33.65,10.98,11.41,6.65,AVOID - Poor risk-adjusted score
HRB,31,59.09,-0.0485,0.227,0.91,0.015,0.07,437.68,36.61,13.43,12.62,6.61,AVOID - Poor risk-adjusted score
SYY,31,43.41,0.0468,0.26,0.82,0.019,0.2,720.9,39.91,11.29,11.95,6.56,AVOID - Poor risk-adjusted score
YUM,31,62.68,0.0495,0.197,1.0,0.016,0.03,368.84,34.98,12.34,13.1,6.56,AVOID - Poor risk-adjusted score
AAON,31,61.37,-0.0382,0.198,0.77,0.013,0.27,394.06,40.01,12.13,11.55,6.53,AVOID - Poor risk-adjusted score
IIPR,31,63.81,-0.0055,0.118,0.14,0.002,0.13,349.32,35.97,7.51,7.46,6.53,AVOID - Poor risk-adjusted score
BDX,31,51.73,0.036,0.206,0.71,0.014,0.1,561.0,36.81,10.65,11.13,6.51,AVOID - Poor risk-adjusted score
SEDG,31,18.0,0.2162,0.885,2.05,0.114,0.23,946.52,69.81,15.93,19.86,6.5,AVOID - Poor risk-adjusted score
XOM,31,64.61,-0.0294,0.17,0.64,0.01,0.2,335.06,38.11,10.98,10.58,6.45,AVOID - Poor risk-adjusted score
ADBE,31,80.31,-0.0241,0.131,0.59,0.007,0.27,116.9,38.54,10.56,10.24,6.43,AVOID - Poor risk-adjusted score
MAR,31,65.2,0.0439,0.18,0.93,0.014,0.3,324.9,39.98,11.73,12.37,6.42,AVOID - Poor risk-adjusted score
TEL,31,69.5,0.0317,0.152,0.73,0.01,0.07,252.55,34.86,10.59,11.01,6.38,AVOID - Poor risk-adjusted score
MARA,31,24.13,0.0271,0.356,0.41,0.017,0.13,927.23,41.68,8.6,8.89,6.32,AVOID - Poor risk-adjusted score
PPG,31,51.41,0.0489,0.22,0.93,0.018,0.13,566.06,37.46,11.33,12.02,6.22,AVOID - Poor risk-adjusted score
IBN,31,36.13,-0.1119,0.48,1.44,0.04,0.17,820.19,43.75,17.36,14.99,6.13,AVOID - Poor risk-adjusted score
PVH,31,38.69,0.0304,0.236,0.56,0.014,0.13,789.87,38.31,9.14,9.49,6.09,AVOID - Poor risk-adjusted score
CGNX,31,76.88,0.0243,0.124,0.62,0.008,0.07,157.0,34.24,9.5,9.79,6.05,AVOID - Poor risk-adjusted score
JOYY,31,80.67,-0.0238,0.124,0.61,0.008,0.07,112.9,34.3,10.0,9.7,6.04,AVOID - Poor risk-adjusted score
DXC,31,40.74,-0.0238,0.221,0.45,0.011,0.07,758.29,36.85,9.0,8.74,6.01,AVOID - Poor risk-adjusted score
ED,31,47.82,-0.0413,0.233,0.77,0.016,0.03,636.71,36.05,11.13,10.56,5.98,AVOID - Poor risk-adjusted score
ROST,31,68.73,-0.0367,0.165,0.81,0.012,0.2,264.1,37.76,11.31,10.8,5.96,AVOID - Poor risk-adjusted score
SCHW,31,38.29,0.2349,0.487,3.01,0.079,0.17,793.87,40.09,18.66,23.59,5.88,AVOID - Poor risk-adjusted score
TRV,31,64.19,0.1347,0.263,2.35,0.037,0.13,342.81,36.89,16.87,19.61,5.85,AVOID - Poor risk-adjusted score
WBS,31,27.64,0.1623,0.531,1.99,0.072,0.0,899.16,58.71,14.67,17.49,5.85,AVOID - Poor risk-adjusted score
NOV,31,49.99,0.0209,0.166,0.46,0.009,0.1,592.1,36.07,8.31,8.53,5.84,AVOID - Poor risk-adjusted score
SFM,31,69.83,-0.0158,0.12,0.41,0.006,0.07,248.32,34.35,8.38,8.21,5.83,AVOID - Poor risk-adjusted score
CCK,31,48.13,0.0332,0.193,0.68,0.014,0.0,632.03,34.4,9.31,9.7,5.78,AVOID - Poor risk-adjusted score
TGNA,31,50.55,-0.0343,0.199,0.69,0.014,0.13,583.1,37.27,10.05,9.62,5.7,AVOID - Poor risk-adjusted score
ACDC,31,34.06,-0.1004,0.447,1.34,0.039,0.1,838.35,41.47,15.23,13.35,5.7,AVOID - Poor risk-adjusted score
SPG,31,60.34,0.0568,0.19,1.16,0.019,0.07,413.45,35.12,11.49,12.31,5.69,AVOID - Poor risk-adjusted score
LYG,31,30.72,-0.0536,0.356,0.8,0.026,0.2,868.32,42.07,10.94,10.21,5.66,AVOID - Poor risk-adjusted score
O,31,61.98,-0.0322,0.162,0.71,0.012,0.2,381.52,37.71,10.05,9.64,5.63,AVOID - Poor risk-adjusted score
OGN,31,43.57,0.0149,0.168,0.33,0.007,0.07,718.94,35.63,7.32,7.46,5.62,AVOID - Poor risk-adjusted score
NXPI,31,67.35,0.0522,0.167,1.14,0.017,0.03,288.65,33.98,11.24,11.97,5.59,AVOID - Poor risk-adjusted score
CLX,31,53.36,0.0329,0.171,0.71,0.013,0.0,534.32,33.8,9.13,9.5,5.55,AVOID - Poor risk-adjusted score
NVO,31,64.39,-0.031,0.152,0.71,0.011,0.23,339.1,38.14,9.81,9.43,5.52,AVOID - Poor risk-adjusted score
GNTX,31,79.27,0.0318,0.121,0.82,0.01,0.3,126.0,38.59,9.57,9.95,5.48,AVOID - Poor risk-adjusted score
BC,31,38.2,0.0465,0.249,0.83,0.022,0.17,796.74,38.61,9.5,10.05,5.48,AVOID - Poor risk-adjusted score
WST,31,75.27,0.0353,0.13,0.87,0.012,0.2,177.16,36.75,9.82,10.25,5.47,AVOID - Poor risk-adjusted score
IGT,31,42.42,0.0242,0.187,0.5,0.012,0.1,735.77,36.44,7.95,8.19,5.46,AVOID - Poor risk-adjusted score
BX,31,34.27,0.1394,0.402,1.97,0.057,0.17,836.29,39.66,13.79,16.1,5.43,AVOID - Poor risk-adjusted score
OVV,31,50.45,0.0251,0.162,0.56,0.011,0.17,583.32,37.07,8.15,8.4,5.39,AVOID - Poor risk-adjusted score
BAX,31,41.04,-0.0535,0.269,0.92,0.022,0.13,753.87,38.5,11.06,10.32,5.37,AVOID - Poor risk-adjusted score
BYD,31,55.51,0.0426,0.174,0.91,0.016,0.03,498.81,34.23,9.64,10.15,5.3,AVOID - Poor risk-adjusted score
VMC,31,60.94,0.0451,0.163,1.0,0.016,0.03,402.13,33.93,9.96,10.52,5.26,AVOID - Poor risk-adjusted score
MDLZ,31,48.41,0.031,0.174,0.67,0.014,0.17,625.61,37.17,8.41,8.73,5.24,AVOID - Poor risk-adjusted score
MNSO,31,60.43,0.0275,0.137,0.66,0.011,0.0,413.06,33.0,8.26,8.54,5.13,AVOID - Poor risk-adjusted score
EQNR,31,63.43,-0.0661,0.203,1.31,0.021,0.0,356.84,34.03,12.89,11.83,5.12,AVOID - Poor risk-adjusted score
NWL,31,25.47,0.0359,0.305,0.58,0.023,0.2,916.61,40.85,7.76,8.1,5.12,AVOID - Poor risk-adjusted score
OLN,31,29.31,0.0388,0.277,0.66,0.022,0.1,882.48,38.05,8.11,8.5,5.12,AVOID - Poor risk-adjusted score
EBAY,31,73.71,0.0209,0.106,0.57,0.008,0.0,196.42,32.41,7.83,8.04,5.11,AVOID - Poor risk-adjusted score
CTRA,31,64.92,-0.0479,0.17,1.04,0.016,0.33,330.19,40.16,11.02,10.36,5.08,AVOID - Poor risk-adjusted score
STLA,31,36.52,0.0296,0.211,0.58,0.016,0.13,817.87,37.41,7.69,7.97,5.06,AVOID - Poor risk-adjusted score
TFC,31,22.64,0.1462,0.531,1.79,0.079,0.17,933.58,61.34,12.02,14.13,5.05,AVOID - Poor risk-adjusted score
SEE,31,42.92,0.0379,0.197,0.76,0.018,0.1,727.42,36.13,8.46,8.86,5.02,AVOID - Poor risk-adjusted score
BAH,31,44.89,0.0366,0.187,0.76,0.017,0.13,698.48,36.59,8.4,8.78,5.0,AVOID - Poor risk-adjusted score
RIVN,31,22.2,-0.0885,0.52,1.1,0.049,0.03,935.74,41.32,11.54,10.29,4.91,AVOID - Poor risk-adjusted score
MTH,31,49.33,0.0435,0.179,0.92,0.019,0.07,605.45,34.85,8.84,9.32,4.86,AVOID - Poor risk-adjusted score
FDS,31,69.57,0.047,0.139,1.13,0.016,0.07,252.23,33.89,9.69,10.25,4.82,AVOID - Poor risk-adjusted score
CNI,31,56.59,-0.0404,0.168,0.88,0.016,0.27,480.61,38.81,9.5,9.02,4.8,AVOID - Poor risk-adjusted score
MFC,31,60.61,-0.0353,0.149,0.82,0.013,0.0,409.68,33.13,9.05,8.66,4.77,AVOID - Poor risk-adjusted score
NGG,31,52.24,-0.0369,0.17,0.8,0.015,0.0,553.03,33.58,8.89,8.49,4.72,AVOID - Poor risk-adjusted score
SEM,31,32.85,-0.0269,0.224,0.51,0.015,0.27,848.97,40.52,7.37,7.12,4.72,AVOID - Poor risk-adjusted score
MS,31,36.12,0.0496,0.235,0.92,0.025,0.4,822.42,42.5,8.47,9.0,4.7,AVOID - Poor risk-adjusted score
EXPO,31,84.16,-0.0279,0.103,0.78,0.009,0.27,72.68,37.49,8.65,8.34,4.69,AVOID - Poor risk-adjusted score
FLNC,31,8.24,0.0949,0.931,0.88,0.107,0.43,957.84,75.92,7.67,8.56,4.56,AVOID - Poor risk-adjusted score
GSK,31,64.32,-0.0252,0.12,0.65,0.01,0.0,340.52,32.6,7.74,7.5,4.55,AVOID - Poor risk-adjusted score
OMC,31,48.09,0.0306,0.153,0.7,0.015,0.1,633.1,35.15,7.38,7.66,4.51,AVOID - Poor risk-adjusted score
NFLX,31,86.6,0.0095,0.068,0.33,0.004,0.27,44.0,37.0,5.91,5.98,4.51,AVOID - Poor risk-adjusted score
SBUX,31,42.26,0.0469,0.196,0.95,0.022,0.03,736.81,34.3,8.28,8.76,4.5,AVOID - Poor risk-adjusted score
ZTS,31,72.04,-0.0335,0.121,0.86,0.012,0.2,218.23,36.43,8.72,8.35,4.49,AVOID - Poor risk-adjusted score
PBR,31,45.78,-0.0134,0.132,0.33,0.007,0.03,681.32,33.92,6.07,5.96,4.49,AVOID - Poor risk-adjusted score
OXY,31,55.17,0.014,0.109,0.38,0.007,0.23,505.97,37.26,6.04,6.14,4.45,AVOID - Poor risk-adjusted score
L,31,58.43,0.0208,0.113,0.55,0.009,0.07,447.97,33.79,6.62,6.79,4.37,AVOID - Poor risk-adjusted score
CMA,31,26.83,0.0608,0.301,0.99,0.037,0.13,907.1,38.01,8.08,8.69,4.37,AVOID - Poor risk-adjusted score
PPBI,31,23.73,-0.033,0.295,0.54,0.023,0.13,928.61,39.21,6.99,6.7,4.34,AVOID - Poor risk-adjusted score
NEE,31,51.51,0.0294,0.138,0.71,0.014,0.07,565.23,34.11,7.12,7.38,4.33,AVOID - Poor risk-adjusted score
PAYX,31,78.52,-0.5771,0.708,6.13,0.078,0.03,140.26,44.09,55.58,30.73,4.31,SELL - Reliable downtrend
AZO,31,62.95,-0.0509,0.156,1.15,0.018,0.03,364.39,33.5,9.79,9.17,4.26,AVOID - Poor risk-adjusted score
AAL,31,30.27,0.0855,0.299,1.4,0.046,0.03,873.32,35.03,9.06,10.01,4.18,AVOID - Poor risk-adjusted score
PLD,31,57.95,0.0273,0.118,0.71,0.012,0.07,456.13,33.65,6.84,7.07,4.13,AVOID - Poor risk-adjusted score
PFE,31,58.07,0.0295,0.12,0.76,0.013,0.07,454.45,33.62,6.97,7.23,4.1,AVOID - Poor risk-adjusted score
HSY,31,57.3,0.0377,0.131,0.93,0.016,0.03,469.13,32.98,7.52,7.87,4.08,AVOID - Poor risk-adjusted score
ABBV,31,65.61,-0.035,0.122,0.9,0.014,0.07,318.52,33.64,8.03,7.68,4.05,AVOID - Poor risk-adjusted score
NDAQ,31,68.98,-0.0299,0.11,0.81,0.012,0.1,260.32,34.12,7.57,7.29,4.03,AVOID - Poor risk-adjusted score
WHR,31,30.26,0.0621,0.259,1.09,0.036,0.03,873.26,34.81,7.82,8.42,4.03,AVOID - Poor risk-adjusted score
KEY,31,16.92,0.0918,0.471,1.2,0.071,0.23,948.68,41.71,7.96,8.86,4.03,AVOID - Poor risk-adjusted score
HUBG,31,44.46,0.0133,0.12,0.34,0.008,0.0,705.26,32.81,5.31,5.4,4.02,AVOID - Poor risk-adjusted score
FOXA,31,72.21,-0.0193,0.09,0.58,0.008,0.13,215.81,34.57,6.49,6.33,4.02,AVOID - Poor risk-adjusted score
OGE,31,50.31,-0.0291,0.139,0.7,0.014,0.07,586.9,34.11,6.99,6.74,3.97,AVOID - Poor risk-adjusted score
EEFT,31,54.64,-0.0285,0.129,0.71,0.013,0.1,513.74,34.57,7.05,6.8,3.97,AVOID - Poor risk-adjusted score
HPQ,31,31.94,-0.0455,0.241,0.83,0.026,0.03,857.94,35.3,7.7,7.27,3.97,AVOID - Poor risk-adjusted score
EDU,31,75.39,0.0162,0.078,0.52,0.007,0.03,175.32,32.32,5.89,6.01,3.96,AVOID - Poor risk-adjusted score
RPM,31,55.53,0.0599,0.156,1.36,0.024,0.03,499.06,32.9,8.66,9.3,3.95,AVOID - Poor risk-adjusted score
GLW,31,61.94,0.0309,0.112,0.83,0.013,0.2,382.65,36.01,6.92,7.18,3.93,AVOID - Poor risk-adjusted score
PPL,31,47.79,0.0148,0.112,0.39,0.008,0.1,637.94,34.54,5.36,5.46,3.92,AVOID - Poor risk-adjusted score
FCNCA,31,27.4,0.055,0.262,0.96,0.035,0.27,902.45,39.68,7.17,7.66,3.91,AVOID - Poor risk-adjusted score
QFIN,31,74.75,-0.0316,0.102,0.88,0.012,0.17,182.97,35.23,7.65,7.35,3.91,AVOID - Poor risk-adjusted score
COP,31,64.94,-0.0223,0.101,0.63,0.01,0.07,329.1,33.38,6.53,6.35,3.89,AVOID - Poor risk-adjusted score
MHK,31,46.8,0.0168,0.117,0.44,0.009,0.13,660.45,35.22,5.45,5.57,3.86,AVOID - Poor risk-adjusted score
AA,31,55.89,-0.1225,0.256,2.17,0.039,0.13,494.32,36.46,14.28,12.16,3.84,AVOID - Poor risk-adjusted score
FLG,31,19.14,-0.0366,0.329,0.57,0.03,0.07,944.29,38.23,6.3,6.02,3.83,AVOID - Poor risk-adjusted score
OZK,31,27.25,0.049,0.246,0.88,0.032,0.13,903.35,36.8,6.7,7.11,3.77,AVOID - Poor risk-adjusted score
HOOD,31,45.83,0.0088,0.101,0.25,0.005,0.1,680.42,34.48,4.61,4.66,3.74,AVOID - Poor risk-adjusted score
NLY,31,17.0,0.041,0.34,0.63,0.037,0.13,948.29,39.16,5.78,6.07,3.73,AVOID - Poor risk-adjusted score
SNV,31,30.94,0.0694,0.249,1.24,0.04,0.0,867.0,33.44,7.7,8.36,3.72,AVOID - Poor risk-adjusted score
HSBC,31,30.97,0.0355,0.196,0.72,0.023,0.03,866.42,34.24,6.08,6.35,3.7,AVOID - Poor risk-adjusted score
GEV,31,81.24,0.0179,0.07,0.6,0.007,0.0,105.97,31.36,5.7,5.83,3.64,AVOID - Poor risk-adjusted score
CAH,31,50.68,-0.0317,0.132,0.78,0.015,0.03,580.32,33.09,6.69,6.43,3.61,AVOID - Poor risk-adjusted score
NIO,31,14.62,0.0721,0.445,0.97,0.066,0.17,953.39,40.05,6.5,7.08,3.6,AVOID - Poor risk-adjusted score
RH,31,43.36,-0.0156,0.118,0.41,0.009,0.13,722.94,35.28,5.13,5.03,3.58,AVOID - Poor risk-adjusted score
UNH,31,50.87,-0.0337,0.133,0.83,0.016,0.37,576.87,39.69,6.76,6.47,3.54,AVOID - Poor risk-adjusted score
ADSK,31,83.25,0.0129,0.061,0.47,0.006,0.1,83.16,33.28,5.1,5.18,3.53,AVOID - Poor risk-adjusted score
SNA,31,82.8,-0.0268,0.081,0.84,0.01,0.2,88.84,35.41,6.69,6.47,3.51,AVOID - Poor risk-adjusted score
STZ,31,45.46,0.0288,0.128,0.72,0.016,0.2,687.87,36.27,5.83,6.04,3.51,AVOID - Poor risk-adjusted score
JCI,31,61.9,0.0136,0.079,0.43,0.007,0.03,382.65,32.35,4.92,5.0,3.49,AVOID - Poor risk-adjusted score
HES,31,63.89,0.0246,0.091,0.73,0.011,0.33,347.1,38.26,5.83,6.01,3.48,AVOID - Poor risk-adjusted score
ARWR,31,24.03,0.0201,0.199,0.4,0.017,0.0,927.61,34.27,4.77,4.89,3.48,AVOID - Poor risk-adjusted score
CAG,31,37.24,-0.039,0.178,0.83,0.022,0.0,809.23,33.13,6.64,6.32,3.46,AVOID - Poor risk-adjusted score
MMM,31,67.56,-0.0664,0.143,1.57,0.023,0.2,284.84,35.98,9.68,8.88,3.46,AVOID - Poor risk-adjusted score
NTR,31,43.73,-0.0238,0.129,0.59,0.014,0.0,716.16,32.52,5.65,5.48,3.44,AVOID - Poor risk-adjusted score
PLUG,31,13.13,0.0222,0.34,0.34,0.026,0.0,955.65,37.61,4.47,4.59,3.42,AVOID - Poor risk-adjusted score
RS,31,60.66,0.0311,0.102,0.87,0.014,0.1,407.61,33.61,6.16,6.4,3.42,AVOID - Poor risk-adjusted score
AVT,31,41.54,0.0372,0.146,0.87,0.021,0.07,747.35,33.63,6.08,6.37,3.41,AVOID - Poor risk-adjusted score
WMT,31,62.27,-0.0229,0.094,0.67,0.011,0.1,376.45,33.73,5.83,5.66,3.39,AVOID - Poor risk-adjusted score
OTIS,31,51.53,-0.0472,0.146,1.1,0.021,0.17,564.74,35.57,7.52,7.07,3.36,AVOID - Poor risk-adjusted score
COLB,31,24.02,-0.046,0.265,0.8,0.033,0.13,926.39,37.3,6.37,6.01,3.34,AVOID - Poor risk-adjusted score
IR,31,68.62,0.0257,0.084,0.79,0.012,0.0,267.35,31.36,5.75,5.94,3.31,AVOID - Poor risk-adjusted score
VICR,31,77.65,-0.0088,0.057,0.33,0.004,0.07,145.13,32.63,4.45,4.4,3.31,AVOID - Poor risk-adjusted score
WM,31,56.97,-0.0253,0.101,0.71,0.013,0.1,474.52,33.77,5.75,5.56,3.25,AVOID - Poor risk-adjusted score
MAIN,31,28.69,0.0523,0.213,1.01,0.035,0.07,888.71,34.2,6.12,6.52,3.24,AVOID - Poor risk-adjusted score
FRO,31,47.63,0.0228,0.106,0.63,0.013,0.1,642.26,33.87,5.06,5.2,3.2,AVOID - Poor risk-adjusted score
ALL,31,60.3,-0.031,0.103,0.87,0.014,0.0,415.13,31.64,6.18,5.95,3.19,AVOID - Poor risk-adjusted score
GILD,31,74.75,-0.027,0.081,0.85,0.011,0.07,183.29,32.61,6.02,5.82,3.15,AVOID - Poor risk-adjusted score
ICE,31,66.92,-0.0301,0.091,0.89,0.013,0.2,294.9,35.41,6.12,5.89,3.12,AVOID - Poor risk-adjusted score
MMYT,31,83.2,-0.4277,0.424,5.87,0.071,0.07,84.87,36.99,35.27,21.36,3.11,REDUCE - Weakening position
LMT,31,48.55,-0.2058,0.346,3.13,0.064,0.23,617.71,38.62,16.82,12.84,3.11,AVOID - Poor risk-adjusted score
CNX,31,52.61,0.0578,0.133,1.42,0.027,0.1,546.61,33.29,6.98,7.48,3.1,AVOID - Poor risk-adjusted score
DLR,31,63.06,-0.0157,0.075,0.51,0.008,0.17,362.68,34.78,4.75,4.65,3.08,AVOID - Poor risk-adjusted score
MLI,31,85.09,0.0254,0.066,0.89,0.01,0.07,60.77,32.26,5.58,5.76,3.05,AVOID - Poor risk-adjusted score
USB,31,26.4,0.0446,0.206,0.88,0.033,0.23,910.87,37.5,5.43,5.73,3.05,AVOID - Poor risk-adjusted score
MET,31,51.46,-0.0293,0.109,0.79,0.015,0.03,565.9,32.41,5.63,5.43,3.03,AVOID - Poor risk-adjusted score
GT,31,33.06,0.0213,0.135,0.52,0.016,0.07,847.16,33.83,4.48,4.6,3.03,AVOID - Poor risk-adjusted score
HUN,31,26.43,0.0103,0.139,0.25,0.009,0.07,909.68,34.58,3.68,3.73,2.99,AVOID - Poor risk-adjusted score
AMP,31,39.83,0.0284,0.123,0.73,0.018,0.07,772.45,33.21,4.9,5.08,2.94,AVOID - Poor risk-adjusted score
PARA,31,39.21,-0.0187,0.11,0.5,0.013,0.0,782.55,32.01,4.31,4.21,2.8,AVOID - Poor risk-adjusted score
BKH,31,40.55,-0.0239,0.116,0.63,0.015,0.03,760.81,32.59,4.69,4.55,2.8,AVOID - Poor risk-adjusted score
ODFL,31,77.59,-0.0185,0.062,0.67,0.009,0.1,146.35,32.99,4.78,4.67,2.8,AVOID - Poor risk-adjusted score
PFG,31,55.33,0.028,0.089,0.84,0.015,0.07,502.39,32.49,4.93,5.1,2.77,AVOID - Poor risk-adjusted score
RF,31,15.08,0.0675,0.344,1.03,0.068,0.23,953.55,38.14,5.18,5.62,2.77,AVOID - Poor risk-adjusted score
ONON,31,91.65,-0.0102,0.044,0.44,0.005,0.3,18.42,36.83,3.99,3.94,2.74,AVOID - Poor risk-adjusted score
NTES,31,89.73,0.0192,0.052,0.76,0.008,0.13,26.16,33.38,4.64,4.75,2.71,AVOID - Poor risk-adjusted score
KNX,31,41.57,0.0372,0.121,0.95,0.023,0.07,746.65,32.68,5.05,5.28,2.7,AVOID - Poor risk-adjusted score
UFPI,31,67.1,0.0267,0.073,0.88,0.013,0.0,292.9,30.89,4.92,5.09,2.7,AVOID - Poor risk-adjusted score
CVS,31,39.42,-0.0467,0.15,1.08,0.027,0.2,778.19,35.78,5.92,5.58,2.69,AVOID - Poor risk-adjusted score
TECK,31,58.55,-0.0815,0.148,1.9,0.032,0.07,446.32,32.53,8.65,7.78,2.69,AVOID - Poor risk-adjusted score
F,31,28.96,0.0453,0.174,0.97,0.034,0.13,886.87,34.52,5.03,5.31,2.69,AVOID - Poor risk-adjusted score
SJM,31,36.21,-0.0356,0.143,0.84,0.023,0.0,820.65,31.96,5.18,4.95,2.69,AVOID - Poor risk-adjusted score
EWBC,31,31.46,0.054,0.171,1.17,0.037,0.07,861.87,32.77,5.39,5.75,2.66,AVOID - Poor risk-adjusted score
HLIT,31,66.59,-0.0078,0.052,0.31,0.005,0.07,301.19,32.44,3.49,3.45,2.64,AVOID - Poor risk-adjusted score
RRC,31,63.4,-0.0433,0.098,1.24,0.02,0.0,356.81,30.99,6.22,5.88,2.63,AVOID - Poor risk-adjusted score
TME,31,81.11,-0.042,0.079,1.34,0.016,0.1,107.32,32.72,6.4,6.07,2.6,AVOID - Poor risk-adjusted score
VTRS,31,38.91,-0.0105,0.089,0.31,0.008,0.1,787.42,33.85,3.45,3.41,2.59,AVOID - Poor risk-adjusted score
AMGN,31,63.09,0.0242,0.072,0.81,0.013,0.03,361.65,31.54,4.53,4.67,2.58,AVOID - Poor risk-adjusted score
ROP,31,66.66,-0.0254,0.073,0.84,0.013,0.0,298.94,30.92,4.85,4.7,2.55,AVOID - Poor risk-adjusted score
NU,31,39.19,0.0213,0.101,0.6,0.015,0.0,782.87,31.5,3.95,4.06,2.54,AVOID - Poor risk-adjusted score
IBM,31,64.8,-0.0231,0.07,0.78,0.012,0.07,332.19,32.24,4.56,4.43,2.49,AVOID - Poor risk-adjusted score
CSCO,31,80.04,0.0228,0.056,0.86,0.011,0.23,118.84,35.28,4.5,4.63,2.49,AVOID - Poor risk-adjusted score
SO,31,52.88,0.0171,0.071,0.57,0.011,0.03,542.94,31.73,3.78,3.86,2.45,AVOID - Poor risk-adjusted score
TXNM,31,47.53,-0.0243,0.09,0.72,0.015,0.07,643.74,32.5,4.27,4.14,2.4,AVOID - Poor risk-adjusted score
ADI,31,78.77,0.0187,0.052,0.74,0.009,0.03,131.81,31.28,4.08,4.17,2.4,AVOID - Poor risk-adjusted score
HDB,31,24.15,-0.138,0.363,2.05,0.085,0.0,923.19,32.4,8.76,7.31,2.4,AVOID - Poor risk-adjusted score
JD,31,48.72,0.009,0.064,0.32,0.007,0.07,618.06,32.6,3.11,3.15,2.39,AVOID - Poor risk-adjusted score
CCI,31,50.49,0.0189,0.075,0.62,0.012,0.03,582.77,31.68,3.77,3.86,2.39,AVOID - Poor risk-adjusted score
SWK,31,37.35,0.0257,0.105,0.71,0.019,0.07,808.45,32.6,3.93,4.06,2.38,AVOID - Poor risk-adjusted score
CBT,31,49.39,0.0257,0.083,0.8,0.016,0.07,604.06,32.22,4.12,4.25,2.37,AVOID - Poor risk-adjusted score
CME,31,76.84,0.014,0.047,0.58,0.007,0.17,157.9,34.0,3.62,3.68,2.34,AVOID - Poor risk-adjusted score
ENPH,31,63.25,-0.0176,0.062,0.63,0.01,0.03,359.03,31.52,3.9,3.82,2.34,AVOID - Poor risk-adjusted score
AFL,31,65.86,-0.0271,0.069,0.92,0.014,0.13,314.39,33.34,4.56,4.4,2.29,AVOID - Poor risk-adjusted score
LCID,31,29.74,0.0422,0.144,0.99,0.033,0.0,878.87,30.98,4.29,4.51,2.26,AVOID - Poor risk-adjusted score
TSN,31,41.46,-0.0362,0.112,0.97,0.023,0.13,748.13,33.7,4.65,4.44,2.26,AVOID - Poor risk-adjusted score
SHW,31,59.76,0.0337,0.074,1.11,0.018,0.03,424.48,31.04,4.44,4.62,2.2,AVOID - Poor risk-adjusted score
BWXT,31,65.36,-0.0242,0.064,0.85,0.013,0.13,322.81,33.29,4.21,4.09,2.2,AVOID - Poor risk-adjusted score
ARCC,31,20.44,0.0125,0.135,0.3,0.015,0.07,941.48,33.91,2.77,2.81,2.15,AVOID - Poor risk-adjusted score
MOMO,31,55.77,-0.0063,0.049,0.26,0.005,0.1,495.71,33.0,2.71,2.69,2.14,AVOID - Poor risk-adjusted score
CI,31,47.23,-0.0376,0.098,1.07,0.023,0.03,650.52,31.34,4.63,4.42,2.13,AVOID - Poor risk-adjusted score
PEG,31,48.81,0.0178,0.068,0.61,0.012,0.2,616.61,34.81,3.34,3.41,2.12,AVOID - Poor risk-adjusted score
BRO,31,68.42,-0.0344,0.069,1.17,0.017,0.27,270.1,35.71,4.75,4.55,2.1,AVOID - Poor risk-adjusted score
EFX,31,63.14,-0.0173,0.055,0.66,0.01,0.13,361.03,33.29,3.5,3.42,2.07,AVOID - Poor risk-adjusted score
MRVL,31,70.7,0.0168,0.048,0.69,0.01,0.13,234.74,33.14,3.39,3.47,2.06,AVOID - Poor risk-adjusted score
ADP,31,79.02,-0.0182,0.047,0.76,0.01,0.0,128.23,30.44,3.68,3.6,2.05,AVOID - Poor risk-adjusted score
FANG,31,64.56,-0.0144,0.05,0.58,0.009,0.0,336.26,30.61,3.22,3.17,2.01,AVOID - Poor risk-adjusted score
KMI,31,53.25,-0.0199,0.065,0.7,0.013,0.03,535.1,31.3,3.46,3.37,1.99,AVOID - Poor risk-adjusted score
TT,31,73.66,0.0151,0.043,0.65,0.009,0.03,197.81,31.06,3.15,3.21,1.94,AVOID - Poor risk-adjusted score
AWK,31,52.95,-0.0185,0.061,0.67,0.013,0.03,541.42,31.24,3.24,3.17,1.9,AVOID - Poor risk-adjusted score
PB,31,25.92,-0.1152,0.256,2.04,0.079,0.13,912.58,32.47,6.62,5.7,1.88,AVOID - Poor risk-adjusted score
PCAR,31,54.36,0.0183,0.057,0.69,0.013,0.0,518.06,30.44,3.09,3.16,1.87,AVOID - Poor risk-adjusted score
WMS,31,64.33,0.0223,0.053,0.87,0.014,0.07,340.0,31.56,3.38,3.47,1.86,AVOID - Poor risk-adjusted score
EXPD,31,78.82,0.0152,0.039,0.69,0.009,0.03,131.42,30.96,3.08,3.14,1.86,AVOID - Poor risk-adjusted score
MSCI,31,67.49,-0.0297,0.058,1.1,0.016,0.2,285.42,34.12,3.94,3.8,1.81,AVOID - Poor risk-adjusted score
KMB,31,55.83,-0.0146,0.052,0.57,0.01,0.07,493.77,31.85,2.88,2.83,1.8,AVOID - Poor risk-adjusted score
MTN,31,48.91,-0.0204,0.065,0.72,0.015,0.27,614.39,35.8,3.16,3.08,1.79,AVOID - Poor risk-adjusted score
MATX,31,50.07,-0.0207,0.064,0.73,0.015,0.13,591.06,33.11,3.19,3.11,1.79,AVOID - Poor risk-adjusted score
GME,31,66.18,-0.0642,0.086,1.95,0.03,0.07,309.26,30.97,5.72,5.26,1.78,AVOID - Poor risk-adjusted score
IEX,31,67.7,-0.0152,0.044,0.65,0.01,0.03,282.16,31.03,2.99,2.93,1.78,AVOID - Poor risk-adjusted score
AFG,31,62.95,0.0206,0.05,0.82,0.013,0.0,363.97,30.2,3.17,3.25,1.78,AVOID - Poor risk-adjusted score
HOLX,31,72.48,0.0056,0.031,0.29,0.004,0.17,212.16,33.87,2.25,2.26,1.76,AVOID - Poor risk-adjusted score
MRK,31,67.92,0.0153,0.042,0.66,0.01,0.1,277.87,32.29,2.88,2.93,1.76,AVOID - Poor risk-adjusted score
NMR,31,24.29,0.0093,0.091,0.28,0.011,0.07,925.74,32.92,2.21,2.23,1.75,AVOID - Poor risk-adjusted score
SWKS,31,69.27,0.0204,0.045,0.86,0.012,0.07,255.94,31.44,3.11,3.19,1.72,AVOID - Poor risk-adjusted score
MXL,31,22.68,0.0967,0.197,1.95,0.086,0.07,933.39,28.67,4.47,5.0,1.7,AVOID - Poor risk-adjusted score
VFC,31,32.88,-0.016,0.08,0.51,0.015,0.0,848.13,30.84,2.62,2.57,1.7,AVOID - Poor risk-adjusted score
CINF,31,65.26,0.0092,0.037,0.43,0.007,0.0,323.9,30.44,2.39,2.42,1.69,AVOID - Poor risk-adjusted score
COST,31,75.09,-0.0171,0.04,0.76,0.01,0.2,178.81,34.17,2.99,2.92,1.66,AVOID - Poor risk-adjusted score
IDCC,31,86.98,-0.0155,0.034,0.75,0.009,0.0,41.65,30.16,2.97,2.91,1.66,AVOID - Poor risk-adjusted score
HD,31,56.88,0.0255,0.055,0.97,0.017,0.0,476.61,29.96,3.15,3.25,1.65,AVOID - Poor risk-adjusted score
CB,31,58.06,0.0506,0.071,1.7,0.029,0.17,453.65,32.55,4.13,4.39,1.63,AVOID - Poor risk-adjusted score
TAP,31,43.13,-0.0126,0.056,0.47,0.011,0.13,725.65,33.25,2.42,2.38,1.61,AVOID - Poor risk-adjusted score
AVY,31,48.54,0.0194,0.055,0.74,0.015,0.0,622.03,30.14,2.69,2.75,1.59,AVOID - Poor risk-adjusted score
MDB,31,45.78,-0.0091,0.048,0.37,0.008,0.13,681.06,33.29,2.19,2.17,1.58,AVOID - Poor risk-adjusted score
MTB,31,28.19,0.0435,0.114,1.15,0.041,0.13,894.52,31.99,3.21,3.38,1.57,AVOID - Poor risk-adjusted score
CTVA,31,74.64,-0.0154,0.036,0.72,0.01,0.07,184.71,31.45,2.7,2.65,1.54,AVOID - Poor risk-adjusted score
VTR,31,55.91,-0.0077,0.037,0.36,0.006,0.03,492.48,31.15,2.1,2.08,1.53,AVOID - Poor risk-adjusted score
HALO,31,77.9,0.0084,0.028,0.45,0.006,0.07,142.0,31.59,2.17,2.2,1.52,AVOID - Poor risk-adjusted score
CRS,31,75.17,-0.0097,0.03,0.5,0.007,0.0,177.84,30.25,2.29,2.26,1.51,AVOID - Poor risk-adjusted score
AGNC,31,16.67,0.0815,0.212,1.58,0.095,0.1,949.52,28.84,3.53,3.88,1.5,AVOID - Poor risk-adjusted score
AMT,31,61.39,-0.0183,0.044,0.78,0.013,0.0,392.58,30.04,2.69,2.63,1.47,AVOID - Poor risk-adjusted score
TM,31,34.28,-0.029,0.084,0.89,0.026,0.13,837.87,32.59,2.89,2.79,1.47,AVOID - Poor risk-adjusted score
CIG,31,40.1,0.0067,0.046,0.28,0.007,0.2,768.68,34.7,1.86,1.88,1.47,AVOID - Poor risk-adjusted score
MAS,31,53.09,0.0248,0.052,0.97,0.018,0.1,538.74,31.73,2.76,2.85,1.44,AVOID - Poor risk-adjusted score
ORLY,31,66.67,0.0062,0.028,0.33,0.005,0.1,299.23,32.36,1.89,1.91,1.43,AVOID - Poor risk-adjusted score
RDN,31,66.51,-0.0203,0.041,0.9,0.014,0.13,302.61,32.53,2.7,2.63,1.38,AVOID - Poor risk-adjusted score
POWI,31,29.34,-0.0292,0.091,0.87,0.03,0.03,883.39,30.45,2.67,2.57,1.38,AVOID - Poor risk-adjusted score
ABT,31,78.19,-0.016,0.031,0.81,0.01,0.07,138.84,31.24,2.45,2.4,1.33,AVOID - Poor risk-adjusted score
OHI,31,60.5,-0.0092,0.032,0.46,0.008,0.03,410.84,30.87,1.95,1.92,1.32,AVOID - Poor risk-adjusted score
ORI,31,68.23,-0.0187,0.036,0.88,0.013,0.27,272.9,35.13,2.46,2.41,1.28,AVOID - Poor risk-adjusted score
DHR,31,66.16,-0.0359,0.05,1.44,0.022,0.13,308.97,31.97,3.28,3.13,1.28,AVOID - Poor risk-adjusted score
THC,31,55.16,-0.0328,0.054,1.27,0.023,0.2,506.52,33.32,2.97,2.85,1.26,AVOID - Poor risk-adjusted score
K,31,56.56,0.0095,0.032,0.48,0.008,0.17,482.48,33.44,1.79,1.82,1.23,AVOID - Poor risk-adjusted score
VIRT,31,38.54,-0.0293,0.067,1.01,0.026,0.17,791.77,32.71,2.57,2.48,1.23,AVOID - Poor risk-adjusted score
FDX,31,16.46,-0.0466,0.161,1.04,0.063,0.0,949.84,28.53,2.65,2.5,1.23,AVOID - Poor risk-adjusted score
OTEX,31,45.95,0.0229,0.048,0.94,0.02,0.13,678.68,32.07,2.2,2.26,1.17,AVOID - Poor risk-adjusted score
SNDR,31,53.43,0.0112,0.033,0.55,0.01,0.17,532.65,33.31,1.79,1.81,1.17,AVOID - Poor risk-adjusted score
XRAY,31,34.33,0.0172,0.055,0.66,0.019,0.27,836.87,35.06,1.88,1.92,1.16,AVOID - Poor risk-adjusted score
SNY,31,73.35,-0.0102,0.025,0.57,0.008,0.13,200.9,32.64,1.85,1.83,1.16,AVOID - Poor risk-adjusted score
HP,31,38.55,0.008,0.04,0.36,0.009,0.23,792.87,34.93,1.54,1.55,1.14,AVOID - Poor risk-adjusted score
ULTA,31,70.29,0.0127,0.027,0.69,0.01,0.1,241.81,31.81,1.88,1.91,1.13,AVOID - Poor risk-adjusted score
SLM,31,35.44,-0.0273,0.063,0.97,0.027,0.0,828.26,29.17,2.25,2.17,1.1,AVOID - Poor risk-adjusted score
MAT,31,57.36,-0.0366,0.049,1.48,0.026,0.0,467.23,28.87,2.79,2.67,1.07,AVOID - Poor risk-adjusted score
MSI,31,68.51,0.0151,0.028,0.81,0.012,0.07,268.61,30.99,1.91,1.94,1.07,AVOID - Poor risk-adjusted score
AEE,31,49.94,-0.0135,0.035,0.64,0.013,0.07,593.13,31.11,1.77,1.74,1.06,AVOID - Poor risk-adjusted score
DEO,31,55.39,-0.0091,0.028,0.48,0.009,0.13,502.19,32.65,1.58,1.56,1.05,AVOID - Poor risk-adjusted score
DTE,31,45.96,-0.0129,0.037,0.6,0.013,0.13,678.87,32.48,1.7,1.68,1.05,AVOID - Poor risk-adjusted score
HTHT,31,48.55,0.0129,0.034,0.62,0.013,0.13,622.29,32.4,1.66,1.68,1.04,AVOID - Poor risk-adjusted score
LIN,31,68.76,0.012,0.025,0.68,0.01,0.17,264.84,33.09,1.71,1.74,1.03,AVOID - Poor risk-adjusted score
FAST,31,82.08,0.0103,0.02,0.64,0.008,0.07,97.39,31.16,1.67,1.69,1.03,AVOID - Poor risk-adjusted score
PNW,31,36.74,-0.0135,0.045,0.57,0.016,0.13,814.48,32.46,1.65,1.62,1.03,AVOID - Poor risk-adjusted score
LAD,31,35.05,-0.0329,0.064,1.16,0.033,0.2,831.84,32.61,2.25,2.16,1.0,AVOID - Poor risk-adjusted score
PZZA,31,32.68,-0.0252,0.061,0.92,0.028,0.07,850.52,30.35,1.98,1.92,1.0,AVOID - Poor risk-adjusted score
BCS,31,31.83,-0.0182,0.054,0.7,0.022,0.03,858.23,30.08,1.72,1.68,0.99,AVOID - Poor risk-adjusted score
PRGO,31,39.78,0.0134,0.038,0.61,0.015,0.0,773.81,29.62,1.53,1.56,0.97,AVOID - Poor risk-adjusted score
ENB,31,47.07,-0.0147,0.036,0.7,0.015,0.17,654.71,32.92,1.67,1.64,0.97,AVOID - Poor risk-adjusted score
PACB,31,18.44,0.0265,0.09,0.79,0.043,0.2,945.06,32.43,1.66,1.72,0.96,AVOID - Poor risk-adjusted score
KR,31,44.58,0.0241,0.042,1.05,0.024,0.0,703.61,28.92,1.88,1.94,0.95,AVOID - Poor risk-adjusted score
BMY,31,58.08,-0.0166,0.03,0.85,0.015,0.0,454.52,29.45,1.77,1.73,0.94,AVOID - Poor risk-adjusted score
COLM,31,65.84,-0.012,0.024,0.69,0.01,0.13,314.81,32.36,1.61,1.58,0.94,AVOID - Poor risk-adjusted score
ARRY,31,50.92,0.0122,0.03,0.64,0.012,0.13,574.94,32.3,1.51,1.53,0.93,AVOID - Poor risk-adjusted score
DAN,31,32.47,-0.0222,0.055,0.85,0.026,0.1,852.42,31.03,1.78,1.73,0.93,AVOID - Poor risk-adjusted score
OMCL,31,56.84,-0.009,0.025,0.51,0.009,0.07,476.74,31.17,1.4,1.39,0.92,AVOID - Poor risk-adjusted score
CNP,31,45.59,-0.01,0.03,0.52,0.011,0.13,684.26,32.45,1.39,1.37,0.9,AVOID - Poor risk-adjusted score
VZ,31,51.62,0.0134,0.029,0.7,0.014,0.27,562.97,34.85,1.51,1.54,0.9,AVOID - Poor risk-adjusted score
G,31,65.66,0.0125,0.023,0.74,0.011,0.03,316.84,30.24,1.52,1.54,0.89,AVOID - Poor risk-adjusted score
AXP,31,38.61,0.0225,0.044,0.96,0.025,0.33,790.74,35.49,1.69,1.74,0.89,AVOID - Poor risk-adjusted score
HIMX,31,51.73,0.0137,0.029,0.72,0.014,0.2,561.1,33.48,1.5,1.53,0.89,AVOID - Poor risk-adjusted score
HWM,31,77.32,-0.0108,0.019,0.7,0.009,0.13,150.16,32.34,1.49,1.47,0.87,AVOID - Poor risk-adjusted score
DCI,31,66.54,0.0104,0.021,0.65,0.01,0.0,302.35,29.65,1.38,1.39,0.85,AVOID - Poor risk-adjusted score
AL,31,20.5,-0.0226,0.072,0.75,0.037,0.2,941.48,32.52,1.49,1.44,0.82,AVOID - Poor risk-adjusted score
ETR,31,49.75,0.0121,0.026,0.67,0.014,0.13,596.32,32.09,1.29,1.31,0.78,AVOID - Poor risk-adjusted score
PNFP,31,31.64,0.0224,0.046,0.93,0.029,0.07,860.45,29.78,1.46,1.5,0.78,AVOID - Poor risk-adjusted score
SOLV,31,49.78,-0.0139,0.028,0.75,0.015,0.17,595.87,32.66,1.38,1.35,0.77,AVOID - Poor risk-adjusted score
HOG,31,34.21,0.0074,0.031,0.38,0.011,0.13,838.06,32.49,1.05,1.06,0.77,AVOID - Poor risk-adjusted score
GEN,31,59.68,0.0108,0.021,0.67,0.011,0.03,427.03,30.18,1.25,1.27,0.76,AVOID - Poor risk-adjusted score
HL,31,60.96,-0.0116,0.021,0.71,0.012,0.0,401.61,29.47,1.29,1.27,0.74,AVOID - Poor risk-adjusted score
JPM,31,34.11,0.0251,0.044,1.07,0.031,0.27,838.94,33.5,1.49,1.54,0.74,AVOID - Poor risk-adjusted score
ABM,31,37.8,0.0177,0.035,0.85,0.022,0.27,802.0,34.14,1.32,1.35,0.73,AVOID - Poor risk-adjusted score
DVN,31,54.96,0.0061,0.018,0.4,0.007,0.0,509.42,29.81,1.0,1.01,0.72,AVOID - Poor risk-adjusted score
UMC,31,53.92,-0.01,0.022,0.61,0.011,0.0,524.52,29.53,1.18,1.16,0.72,AVOID - Poor risk-adjusted score
DAR,31,41.93,-0.2415,0.153,5.52,0.132,0.23,734.23,26.1,6.42,4.69,0.72,AVOID - Poor risk-adjusted score
SE,31,86.51,0.0024,0.01,0.21,0.002,0.07,45.0,31.39,0.87,0.87,0.72,AVOID - Poor risk-adjusted score
BK,31,32.9,0.0151,0.036,0.71,0.022,0.2,848.65,32.93,1.19,1.21,0.71,AVOID - Poor risk-adjusted score
WWD,31,71.23,0.0122,0.018,0.82,0.012,0.0,227.71,29.38,1.25,1.27,0.7,AVOID - Poor risk-adjusted score
ALK,31,45.87,0.0119,0.025,0.68,0.015,0.1,679.23,31.27,1.14,1.16,0.69,AVOID - Poor risk-adjusted score
A,31,74.65,-0.0083,0.015,0.61,0.008,0.1,185.52,31.63,1.11,1.1,0.69,AVOID - Poor risk-adjusted score
AEO,31,29.59,0.0131,0.036,0.62,0.021,0.17,880.13,32.35,1.08,1.1,0.68,AVOID - Poor risk-adjusted score
AEP,31,47.2,0.0112,0.023,0.66,0.014,0.1,652.13,31.3,1.1,1.11,0.67,AVOID - Poor risk-adjusted score
WEC,31,50.99,-0.0103,0.022,0.63,0.012,0.13,574.48,32.09,1.11,1.09,0.67,AVOID - Poor risk-adjusted score
PFSI,31,23.13,-0.0184,0.05,0.73,0.032,0.07,932.42,29.68,1.17,1.14,0.66,AVOID - Poor risk-adjusted score
NEM,31,82.0,0.0157,0.017,1.09,0.013,0.2,97.84,33.17,1.36,1.38,0.66,AVOID - Poor risk-adjusted score
BBY,31,45.22,-0.0169,0.028,0.9,0.02,0.0,692.19,28.87,1.29,1.26,0.66,AVOID - Poor risk-adjusted score
SLB,31,53.78,0.0084,0.018,0.55,0.01,0.13,527.45,32.19,0.99,1.0,0.64,AVOID - Poor risk-adjusted score
AON,31,61.77,0.0128,0.019,0.84,0.014,0.03,386.26,29.88,1.17,1.18,0.64,AVOID - Poor risk-adjusted score
CLF,31,27.49,-0.5772,0.387,8.3,0.302,0.03,879.16,12.27,10.63,5.88,0.63,REDUCE - Weakening position
RNG,31,43.43,-0.0094,0.023,0.56,0.013,0.0,720.77,29.4,0.98,0.97,0.62,AVOID - Poor risk-adjusted score
STLD,31,53.39,0.0115,0.019,0.75,0.014,0.03,533.61,29.84,1.01,1.03,0.59,AVOID - Poor risk-adjusted score
HAL,31,45.16,0.0087,0.02,0.55,0.012,0.03,693.32,30.04,0.89,0.9,0.58,AVOID - Poor risk-adjusted score
AAPL,31,72.29,-0.0088,0.014,0.67,0.009,0.1,214.26,31.48,0.98,0.97,0.58,AVOID - Poor risk-adjusted score
HUM,31,50.23,-0.0115,0.02,0.73,0.015,0.17,588.19,32.47,1.0,0.98,0.57,AVOID - Poor risk-adjusted score
EQT,31,69.67,-0.0176,0.018,1.18,0.017,0.2,250.42,32.84,1.24,1.22,0.56,AVOID - Poor risk-adjusted score
LNC,31,27.79,0.0109,0.03,0.56,0.02,0.0,899.13,28.89,0.84,0.85,0.55,AVOID - Poor risk-adjusted score
BAP,31,30.3,-0.0112,0.029,0.59,0.019,0.03,872.61,29.61,0.88,0.87,0.55,AVOID - Poor risk-adjusted score
JKHY,31,70.98,-0.0076,0.013,0.61,0.009,0.0,231.13,29.52,0.89,0.88,0.55,AVOID - Poor risk-adjusted score
RVTY,31,63.69,0.0125,0.016,0.89,0.014,0.13,350.42,31.75,1.01,1.03,0.54,AVOID - Poor risk-adjusted score
BTI,31,61.27,0.007,0.014,0.53,0.009,0.0,395.61,29.53,0.83,0.84,0.54,AVOID - Poor risk-adjusted score
BAC,31,29.28,-0.0245,0.04,1.09,0.037,0.17,882.65,30.8,1.17,1.14,0.54,AVOID - Poor risk-adjusted score
MDU,31,46.79,-0.0104,0.019,0.67,0.014,0.07,660.42,30.49,0.91,0.9,0.54,AVOID - Poor risk-adjusted score
HBAN,31,30.52,-0.0204,0.036,0.96,0.032,0.07,871.03,29.25,1.09,1.07,0.54,AVOID - Poor risk-adjusted score
LLY,31,70.05,0.0091,0.013,0.72,0.01,0.0,244.35,29.36,0.91,0.92,0.53,AVOID - Poor risk-adjusted score
HCA,31,52.71,-0.0175,0.021,1.07,0.02,0.2,545.81,32.62,1.13,1.1,0.53,AVOID - Poor risk-adjusted score
BHC,31,44.69,0.0098,0.019,0.64,0.014,0.07,700.84,30.46,0.83,0.84,0.52,AVOID - Poor risk-adjusted score
OI,31,33.32,0.0121,0.026,0.68,0.02,0.1,845.45,30.73,0.85,0.87,0.52,AVOID - Poor risk-adjusted score
CVE,31,42.86,0.0087,0.019,0.57,0.013,0.13,729.94,31.89,0.8,0.81,0.51,AVOID - Poor risk-adjusted score
DB,31,31.56,-0.0127,0.027,0.69,0.022,0.07,860.65,29.99,0.87,0.85,0.51,AVOID - Poor risk-adjusted score
UNM,31,62.62,-0.0101,0.014,0.76,0.012,0.0,370.1,29.21,0.89,0.88,0.5,AVOID - Poor risk-adjusted score
DNUT,31,23.16,-0.0152,0.037,0.7,0.03,0.13,932.23,30.74,0.86,0.85,0.5,AVOID - Poor risk-adjusted score
MCD,31,65.7,0.0096,0.013,0.75,0.011,0.2,316.06,33.24,0.85,0.86,0.49,AVOID - Poor risk-adjusted score
ROL,31,74.14,-0.009,0.011,0.75,0.01,0.13,191.13,31.99,0.85,0.84,0.48,AVOID - Poor risk-adjusted score
HEI,31,76.75,-0.0076,0.01,0.69,0.009,0.0,158.03,29.4,0.76,0.75,0.45,AVOID - Poor risk-adjusted score
KBH,31,46.32,0.016,0.019,1.03,0.022,0.07,670.58,29.7,0.9,0.92,0.45,AVOID - Poor risk-adjusted score
ISRG,31,43.61,0.0104,0.017,0.71,0.016,0.13,718.65,31.55,0.75,0.76,0.44,AVOID - Poor risk-adjusted score
KEX,31,24.41,0.0023,0.02,0.15,0.006,0.0,924.16,30.01,0.49,0.49,0.43,AVOID - Poor risk-adjusted score
EMN,31,41.1,0.0091,0.017,0.63,0.015,0.1,753.42,30.98,0.69,0.7,0.43,AVOID - Poor risk-adjusted score
JEF,31,19.7,0.0735,0.069,2.5,0.127,0.2,941.97,23.36,1.36,1.48,0.42,AVOID - Poor risk-adjusted score
SLAB,31,40.72,0.0083,0.016,0.59,0.015,0.07,757.94,30.35,0.64,0.65,0.41,AVOID - Poor risk-adjusted score
COF,31,33.41,-0.0518,0.043,2.24,0.067,0.2,844.77,28.59,1.43,1.34,0.41,AVOID - Poor risk-adjusted score
LYFT,31,60.6,-0.0085,0.012,0.71,0.012,0.0,409.68,29.17,0.7,0.69,0.4,AVOID - Poor risk-adjusted score
NI,31,53.68,-0.0072,0.012,0.6,0.011,0.1,528.45,31.24,0.63,0.62,0.39,AVOID - Poor risk-adjusted score
V,31,84.11,-0.0078,0.008,0.78,0.009,0.03,73.0,29.98,0.67,0.67,0.37,AVOID - Poor risk-adjusted score
SMFG,31,26.01,-0.0051,0.019,0.33,0.013,0.2,912.81,33.28,0.49,0.49,0.36,AVOID - Poor risk-adjusted score
CRI,31,39.8,0.0084,0.014,0.63,0.016,0.0,772.65,28.84,0.57,0.57,0.35,AVOID - Poor risk-adjusted score
VLO,31,47.28,-0.1957,0.071,6.55,0.139,0.4,633.87,26.29,3.38,2.61,0.35,AVOID - Poor risk-adjusted score
BMO,31,27.38,0.0123,0.022,0.75,0.027,0.0,902.26,27.92,0.59,0.6,0.34,AVOID - Poor risk-adjusted score
LOW,31,45.01,0.0124,0.014,0.94,0.021,0.03,696.16,29.0,0.63,0.64,0.33,AVOID - Poor risk-adjusted score
IPG,31,44.04,-0.2496,0.089,7.5,0.17,0.07,695.35,16.95,3.9,2.82,0.33,AVOID - Poor risk-adjusted score
LNT,31,46.55,0.007,0.011,0.59,0.013,0.1,665.84,31.06,0.52,0.53,0.33,AVOID - Poor risk-adjusted score
ZION,31,27.77,0.0171,0.023,1.0,0.036,0.07,898.29,28.42,0.64,0.66,0.33,AVOID - Poor risk-adjusted score
ASML,31,87.28,-0.0128,0.009,1.23,0.014,0.1,41.35,30.85,0.76,0.74,0.33,AVOID - Poor risk-adjusted score
NTRS,31,28.36,-0.0695,0.048,2.83,0.1,0.0,889.06,21.45,1.36,1.25,0.32,AVOID - Poor risk-adjusted score
PKG,31,62.58,0.0148,0.011,1.25,0.02,0.17,370.68,31.68,0.71,0.72,0.32,AVOID - Poor risk-adjusted score
FITB,31,16.44,-0.0249,0.042,1.09,0.066,0.13,949.81,27.29,0.69,0.66,0.32,AVOID - Poor risk-adjusted score
PRU,31,40.45,-0.0093,0.014,0.71,0.017,0.17,762.13,32.0,0.56,0.55,0.32,AVOID - Poor risk-adjusted score
OKE,31,46.28,-0.0066,0.01,0.58,0.013,0.03,672.39,29.73,0.49,0.48,0.31,AVOID - Poor risk-adjusted score
ES,31,46.99,0.008,0.011,0.68,0.014,0.0,655.84,28.89,0.52,0.53,0.31,AVOID - Poor risk-adjusted score
AN,31,41.04,0.0044,0.01,0.39,0.009,0.2,753.23,33.35,0.41,0.41,0.3,AVOID - Poor risk-adjusted score
SPGI,31,70.11,-0.0082,0.008,0.83,0.012,0.1,243.26,31.06,0.56,0.55,0.3,AVOID - Poor risk-adjusted score
DUK,31,46.55,-0.0069,0.01,0.61,0.013,0.1,665.9,31.01,0.49,0.48,0.3,AVOID - Poor risk-adjusted score
UNP,31,60.27,-0.0098,0.01,0.9,0.015,0.07,416.68,30.13,0.57,0.57,0.3,AVOID - Poor risk-adjusted score
AVB,31,56.75,0.0069,0.009,0.66,0.012,0.07,479.1,30.42,0.49,0.49,0.29,AVOID - Poor risk-adjusted score
EA,31,80.56,0.0077,0.007,0.84,0.01,0.07,113.55,30.49,0.54,0.54,0.29,AVOID - Poor risk-adjusted score
LPX,31,73.24,0.0075,0.007,0.81,0.011,0.07,202.13,30.43,0.5,0.51,0.28,AVOID - Poor risk-adjusted score
MCO,31,73.73,0.0067,0.006,0.75,0.01,0.23,197.06,33.83,0.46,0.46,0.26,AVOID - Poor risk-adjusted score
WERN,31,36.6,0.0101,0.013,0.8,0.022,0.03,816.94,28.86,0.47,0.47,0.26,AVOID - Poor risk-adjusted score
LI,31,58.79,0.0106,0.009,1.03,0.017,0.07,442.45,29.84,0.5,0.51,0.25,AVOID - Poor risk-adjusted score
NDSN,31,63.5,0.0071,0.007,0.76,0.012,0.07,353.61,30.34,0.44,0.44,0.25,AVOID - Poor risk-adjusted score
GPN,31,51.68,0.0072,0.008,0.71,0.014,0.07,562.06,30.2,0.42,0.43,0.25,AVOID - Poor risk-adjusted score
WELL,31,71.56,-0.0039,0.005,0.5,0.007,0.1,223.87,31.45,0.34,0.34,0.23,AVOID - Poor risk-adjusted score
KLIC,31,73.54,0.0024,0.004,0.33,0.004,0.2,198.61,33.68,0.31,0.31,0.23,AVOID - Poor risk-adjusted score
MHO,31,61.49,0.0028,0.005,0.35,0.006,0.07,390.97,30.92,0.32,0.32,0.23,AVOID - Poor risk-adjusted score
AXTA,31,48.06,-0.0024,0.006,0.28,0.006,0.1,632.81,31.61,0.3,0.3,0.23,AVOID - Poor risk-adjusted score
BEKE,31,51.75,0.0043,0.006,0.49,0.01,0.03,560.94,29.9,0.32,0.32,0.22,AVOID - Poor risk-adjusted score
SEIC,31,91.38,-0.0072,0.004,0.97,0.011,0.07,19.42,30.4,0.4,0.4,0.2,AVOID - Poor risk-adjusted score
FMC,31,41.05,0.0061,0.008,0.61,0.015,0.33,753.58,35.41,0.33,0.33,0.2,AVOID - Poor risk-adjusted score
VRTX,31,84.15,-0.0007,0.003,0.13,0.002,0.03,72.81,30.59,0.22,0.22,0.2,AVOID - Poor risk-adjusted score
SRE,31,47.45,0.0052,0.006,0.58,0.012,0.13,646.26,31.64,0.31,0.31,0.2,AVOID - Poor risk-adjusted score
INTC,31,46.77,-0.0036,0.006,0.42,0.009,0.0,661.19,29.26,0.27,0.27,0.19,AVOID - Poor risk-adjusted score
MA,31,77.53,-0.0058,0.004,0.78,0.01,0.0,147.29,29.12,0.34,0.34,0.19,AVOID - Poor risk-adjusted score
RY,31,29.42,-0.0081,0.011,0.7,0.024,0.03,881.84,28.62,0.32,0.32,0.19,AVOID - Poor risk-adjusted score
CL,31,66.52,-0.0055,0.005,0.71,0.011,0.27,302.03,34.42,0.32,0.32,0.19,AVOID - Poor risk-adjusted score
TMUS,31,60.67,-0.006,0.005,0.74,0.012,0.07,407.71,30.27,0.32,0.31,0.18,AVOID - Poor risk-adjusted score
RUN,31,28.32,0.0063,0.01,0.57,0.02,0.3,893.48,34.29,0.28,0.28,0.18,AVOID - Poor risk-adjusted score
MDT,31,65.46,-0.0044,0.004,0.61,0.009,0.2,320.29,33.2,0.27,0.27,0.17,AVOID - Poor risk-adjusted score
IFF,31,39.07,0.0039,0.006,0.44,0.011,0.1,783.71,31.05,0.24,0.24,0.17,AVOID - Poor risk-adjusted score
SSNC,31,56.54,0.0072,0.006,0.87,0.015,0.07,482.48,29.97,0.31,0.32,0.17,AVOID - Poor risk-adjusted score
FSS,31,69.76,0.0057,0.004,0.8,0.011,0.07,248.65,30.31,0.29,0.29,0.16,AVOID - Poor risk-adjusted score
ITW,31,63.26,0.0048,0.004,0.67,0.011,0.0,358.45,29.07,0.26,0.26,0.16,AVOID - Poor risk-adjusted score
MMC,31,60.19,0.0067,0.005,0.86,0.014,0.07,417.42,30.06,0.29,0.3,0.16,AVOID - Poor risk-adjusted score
STT,31,29.0,0.0103,0.01,0.94,0.032,0.2,886.32,31.06,0.28,0.28,0.15,AVOID - Poor risk-adjusted score
CMCSA,31,49.32,0.0057,0.005,0.72,0.015,0.03,605.48,29.35,0.25,0.25,0.15,AVOID - Poor risk-adjusted score
PG,31,71.92,-0.0043,0.004,0.65,0.009,0.17,219.45,32.54,0.25,0.25,0.15,AVOID - Poor risk-adjusted score
NVS,31,72.6,0.0063,0.004,0.9,0.012,0.23,210.35,33.54,0.29,0.29,0.15,AVOID - Poor risk-adjusted score
XEL,31,45.15,0.0055,0.005,0.7,0.016,0.07,693.87,29.93,0.22,0.23,0.13,AVOID - Poor risk-adjusted score
SU,31,58.47,0.0054,0.004,0.78,0.013,0.13,447.45,31.45,0.22,0.23,0.13,AVOID - Poor risk-adjusted score
FTNT,31,93.29,0.0009,0.002,0.2,0.002,0.13,10.74,32.5,0.15,0.15,0.13,AVOID - Poor risk-adjusted score
OLED,31,83.61,-0.0035,0.003,0.62,0.007,0.13,79.65,32.0,0.21,0.21,0.13,AVOID - Poor risk-adjusted score
PNR,31,69.08,0.0066,0.004,0.97,0.014,0.2,259.23,32.71,0.26,0.26,0.13,AVOID - Poor risk-adjusted score
SIRI,31,38.26,0.0051,0.005,0.63,0.016,0.0,796.39,28.51,0.2,0.2,0.12,AVOID - Poor risk-adjusted score
SLGN,31,42.33,0.0059,0.005,0.77,0.018,0.2,736.29,32.33,0.2,0.2,0.11,AVOID - Poor risk-adjusted score
EXC,31,43.46,0.0051,0.004,0.69,0.016,0.07,720.16,29.87,0.19,0.19,0.11,AVOID - Poor risk-adjusted score
COR,31,54.39,0.0053,0.003,0.82,0.015,0.1,517.81,30.59,0.18,0.18,0.1,AVOID - Poor risk-adjusted score
TJX,31,63.88,-0.004,0.003,0.71,0.011,0.1,346.97,30.97,0.16,0.16,0.09,AVOID - Poor risk-adjusted score
QDEL,31,37.48,-0.0028,0.003,0.46,0.012,0.03,806.94,29.53,0.11,0.11,0.08,AVOID - Poor risk-adjusted score
ECL,31,70.89,0.0031,0.002,0.63,0.009,0.0,232.23,29.17,0.13,0.13,0.08,AVOID - Poor risk-adjusted score
M,31,30.67,0.003,0.004,0.43,0.014,0.23,868.71,33.38,0.12,0.12,0.08,AVOID - Poor risk-adjusted score
DOW,31,29.1,0.0016,0.003,0.26,0.009,0.07,884.9,30.53,0.09,0.09,0.07,AVOID - Poor risk-adjusted score
HAS,31,63.66,-0.0214,0.004,3.14,0.049,0.07,351.45,26.52,0.24,0.23,0.06,AVOID - Poor risk-adjusted score
CBRE,31,54.66,0.0021,0.002,0.47,0.009,0.03,513.71,29.86,0.08,0.08,0.06,AVOID - Poor risk-adjusted score
EIX,31,37.74,0.002,0.002,0.38,0.01,0.1,803.97,31.06,0.08,0.08,0.06,AVOID - Poor risk-adjusted score
SFIX,31,24.95,-0.1307,0.025,7.42,0.297,0.03,908.97,1.69,0.62,0.52,0.06,AVOID - Poor risk-adjusted score
DT,31,85.61,-0.0011,0.001,0.34,0.004,0.1,54.71,31.62,0.08,0.08,0.06,AVOID - Poor risk-adjusted score
SHEL,31,55.3,-0.0012,0.001,0.32,0.006,0.2,504.16,33.46,0.07,0.07,0.05,AVOID - Poor risk-adjusted score
ACN,31,78.16,-0.004,0.001,0.98,0.013,0.13,139.55,31.45,0.1,0.1,0.05,AVOID - Poor risk-adjusted score
FE,31,46.47,-0.002,0.001,0.47,0.01,0.07,667.58,30.38,0.07,0.07,0.05,AVOID - Poor risk-adjusted score
CMS,31,47.58,0.0023,0.001,0.6,0.013,0.2,642.84,32.78,0.06,0.06,0.04,AVOID - Poor risk-adjusted score
GOLD,21,74.62,0.005,0.001,0.91,0.012,0.2,186.14,32.81,0.08,0.08,0.04,AVOID - Poor risk-adjusted score
UPS,31,44.44,-0.003,0.001,0.7,0.016,0.0,705.94,28.46,0.06,0.06,0.04,AVOID - Poor risk-adjusted score
PNC,31,15.53,0.008,0.005,1.04,0.067,0.2,951.97,27.46,0.07,0.07,0.04,AVOID - Poor risk-adjusted score
AZN,31,67.23,0.0023,0.001,0.73,0.011,0.0,290.06,28.94,0.05,0.05,0.03,AVOID - Poor risk-adjusted score
UHS,31,48.64,0.0047,0.001,1.14,0.023,0.17,620.26,31.03,0.07,0.07,0.03,AVOID - Poor risk-adjusted score
TDC,31,61.14,-0.0005,0.0,0.21,0.003,0.1,398.42,31.67,0.03,0.03,0.02,AVOID - Poor risk-adjusted score
NSP,31,55.52,-0.0023,0.001,0.76,0.014,0.07,499.42,29.99,0.04,0.04,0.02,AVOID - Poor risk-adjusted score
EXPI,31,7.83,0.0057,0.005,0.71,0.09,0.1,957.97,23.15,0.04,0.04,0.02,AVOID - Poor risk-adjusted score
WOLF,31,8.64,0.0071,0.005,0.89,0.103,0.2,957.45,23.9,0.04,0.04,0.02,AVOID - Poor risk-adjusted score
POOL,31,53.25,-0.0061,0.001,1.81,0.034,0.1,536.58,28.63,0.05,0.05,0.02,AVOID - Poor risk-adjusted score
ABG,31,36.16,-0.0017,0.001,0.59,0.016,0.13,821.61,31.06,0.02,0.02,0.02,AVOID - Poor risk-adjusted score
DG,31,39.34,-0.0036,0.001,0.92,0.023,0.07,780.84,29.02,0.05,0.05,0.02,AVOID - Poor risk-adjusted score
MCK,31,65.68,-0.0013,0.0,0.61,0.009,0.03,317.19,29.75,0.02,0.02,0.01,AVOID - Poor risk-adjusted score
NRG,31,53.28,-0.002,0.0,0.92,0.017,0.07,535.32,29.61,0.02,0.02,0.01,AVOID - Poor risk-adjusted score
THO,31,50.38,0.0014,0.0,0.67,0.013,0.23,585.16,33.35,0.02,0.02,0.01,AVOID - Poor risk-adjusted score
JACK,31,24.64,0.0008,0.001,0.3,0.012,0.13,922.39,31.47,0.01,0.01,0.01,AVOID - Poor risk-adjusted score
PAG,31,38.96,-0.0028,0.001,0.93,0.024,0.2,786.71,31.63,0.03,0.03,0.01,AVOID - Poor risk-adjusted score
MMS,31,43.45,0.0018,0.001,0.7,0.016,0.03,719.97,29.06,0.02,0.02,0.01,AVOID - Poor risk-adjusted score
PTEN,31,39.77,0.0008,0.0,0.37,0.009,0.27,772.58,34.41,0.01,0.01,0.01,AVOID - Poor risk-adjusted score
FTI,31,71.97,0.0038,0.0,1.98,0.028,0.07,220.55,28.59,0.02,0.02,0.01,AVOID - Poor risk-adjusted score
MBLY,31,36.08,0.0018,0.0,0.85,0.023,0.13,822.29,30.33,0.01,0.01,0.01,AVOID - Poor risk-adjusted score
MOS,31,47.87,0.0012,0.0,0.64,0.013,0.13,636.87,31.34,0.01,0.01,0.01,AVOID - Poor risk-adjusted score
GNW,31,57.37,-0.0004,0.0,0.98,0.017,0.07,466.97,29.63,0.0,0.0,0.0,AVOID - Poor risk-adjusted score
GAP,31,48.58,0.0003,0.0,0.69,0.014,0.13,620.61,31.25,0.0,0.0,0.0,AVOID - Poor risk-adjusted score
KVUE,31,60.0,0.0007,0.0,0.6,0.01,0.07,419.16,30.33,0.01,0.01,0.0,AVOID - Poor risk-adjusted score
INTU,31,35.54,0.0004,0.0,0.71,0.02,0.07,828.29,29.32,0.0,0.0,0.0,AVOID - Poor risk-adjusted score
KMX,31,36.22,-0.001,0.0,0.68,0.019,0.17,820.61,31.46,0.01,0.01,0.0,AVOID - Poor risk-adjusted score
GRBK,31,70.97,0.0007,0.0,0.57,0.008,0.07,231.48,30.54,0.01,0.01,0.0,AVOID - Poor risk-adjusted score
DRI,31,52.2,-0.0015,0.0,1.17,0.022,0.17,554.48,31.1,0.01,0.01,0.0,AVOID - Poor risk-adjusted score
